id,telegram_id,text,datetime,category_id,channel_id,title,Unnamed: 7,Unnamed: 8,Unnamed: 9
1,157314,"‚ùóÔ∏è–í–æ—Å—Å—Ç–∞–Ω–æ–≤–ª–µ–Ω–∏–µ –∞–º–º–∏–∞–∫–æ–ø—Ä–æ–≤–æ–¥–∞ –¢–æ–ª—å—è—Ç—Ç–∏ ‚Äî –û–¥–µ—Å—Å–∞ –∑–∞–π–º–µ—Ç –æ—Ç 1 –¥–æ 3 –º–µ—Å—è—Ü–µ–≤ –ø—Ä–∏ –Ω–∞–ª–∏—á–∏–∏ –¥–æ—Å—Ç—É–ø–∞ –∫ –æ–±—ä–µ–∫—Ç—É, –∑–∞—è–≤–∏–ª–∏ –≤ –ú–ò–î –†–§.

–í –≤–µ–¥–æ–º—Å—Ç–≤–µ –æ—Ç–º–µ—Ç–∏–ª–∏, —á—Ç–æ –†–æ—Å—Å–∏—è –ø—Ä–µ–¥–ø—Ä–∏–º–µ—Ç —É—Å–∏–ª–∏—è –¥–ª—è –≤—ã—è—Å–Ω–µ–Ω–∏—è –æ–±—Å—Ç–æ—è—Ç–µ–ª—å—Å—Ç–≤ –ø–æ–¥—Ä—ã–≤–∞ –∞–º–º–∏–∞–∫–æ–ø—Ä–æ–≤–æ–¥–∞.",2023-06-07 11:40:06,,-1001394050290,–í–æ—Å—Å—Ç–∞–Ω–æ–≤–ª–µ–Ω–∏–µ –∞–º–º–∏–∞–∫–æ–ø—Ä–æ–≤–æ–¥–∞ –∑–∞–π–º–µ—Ç –¥–æ 3 –º–µ—Å—è—Ü–µ–≤.,,,
2,18940,"–î–æ–ø–æ–ª–Ω–∏—Ç–µ–ª—å–Ω—ã–µ 39 –º–∏–ª–ª–∏–æ–Ω–æ–≤ —Ä—É–±–ª–µ–π –±—ã–ª–∏ –≤—ã–¥–µ–ª–µ–Ω—ã –Ω–∞ —Å–æ—Ü–∏–∞–ª—å–Ω—ã–µ —É—á—Ä–µ–∂–¥–µ–Ω–∏—è –ú–∞—Ä–∏–π –≠–ª. –û–± —ç—Ç–æ–º –∑–∞—è–≤–∏–ª–∏ —É—á–∞—Å—Ç–Ω–∏–∫–∏ –°—ä–µ–∑–¥–∞ —Å–æ—Ü—Ä–∞–±–æ—Ç–Ω–∏–∫–æ–≤.

–°–µ–º—å –∞–≤—Ç–æ–±—É—Å–æ–≤ –¥–ª—è –¥–µ—Ç—Å–∫–∏—Ö —É—á—Ä–µ–∂–¥–µ–Ω–∏–π –±—É–¥—É—Ç –∑–∞–∫—É–ø–ª–µ–Ω—ã –Ω–∞ 29 –º–∏–ª–ª–∏–æ–Ω–æ–≤ —Ä—É–±–ª–µ–π. –û—Å—Ç–∞–≤—à–∏–µ—Å—è 10 –º–∏–ª–ª–∏–æ–Ω–æ–≤ —É–π–¥—É—Ç –Ω–∞ —É–ª—É—á—à–µ–Ω–∏–µ –º–∞—Ç–µ—Ä–∏–∞–ª—å–Ω–æ-—Ç–µ—Ö–Ω–∏—á–µ—Å–∫–æ–π –±–∞–∑—ã —Å–æ—Ü–∏–∞–ª—å–Ω—ã—Ö —É—á—Ä–µ–∂–¥–µ–Ω–∏–π, —á—Ç–æ –Ω–µ–æ–±—Ö–æ–¥–∏–º–æ –¥–ª—è —Ä–µ–∞–ª–∏–∑–∞—Ü–∏–∏ –ø–∏–ª–æ—Ç–Ω–æ–≥–æ –ø—Ä–æ–µ–∫—Ç–∞ –ø–æ —Å–æ–∑–¥–∞–Ω–∏—é —Å–∏—Å—Ç–µ–º—ã –¥–æ–ª–≥–æ–≤—Ä–µ–º–µ–Ω–Ω–æ–≥–æ —É—Ö–æ–¥–∞.

–í—Å–µ–≥–æ –≤ —ç—Ç–æ–º –≥–æ–¥—É –Ω–∞ –æ–±–Ω–æ–≤–ª–µ–Ω–∏–µ –º–∞—Ç–µ—Ä–∏–∞–ª—å–Ω–æ-—Ç–µ—Ö–Ω–∏—á–µ—Å–∫–æ–π –±–∞–∑—ã –∏ —Å–æ—Ü—É—á—Ä–µ–∂–¥–µ–Ω–∏–π –±—É–¥–µ—Ç –ø–æ—Ç—Ä–∞—á–µ–Ω–æ 53 –º–∏–ª–ª–∏–æ–Ω–∞ —Ä—É–±–ª–µ–π –∏–∑ –±—é–¥–∂–µ—Ç–∞ —Ä–µ—Å–ø—É–±–ª–∏–∫–∏, —Å–æ–æ–±—â–∞–µ—Ç–µ—Å—å –ø—Ä–µ—Å—Å-—Å–ª—É–∂–±–∞ –ì–ª–∞–≤—ã –ú–∞—Ä–∏–π –≠–ª.",2023-06-07 11:34:56,,-1001098860759,–í—ã–¥–µ–ª–µ–Ω—ã –¥–æ–ø–æ–ª–Ω–∏—Ç–µ–ª—å–Ω—ã–µ 39 –º–ª–Ω —Ä—É–±–ª–µ–π –Ω–∞ —Å–æ—Ü—É—á—Ä–µ–∂–¥–µ–Ω–∏—è –ú–∞—Ä–∏–π –≠–ª.,,,
3,4868,"¬´–†–æ—Å—Å–∏—è —É–Ω–∏—á—Ç–æ–∂–µ–Ω–∞ —Å–∞–Ω–∫—Ü–∏—è–º–∏¬ª
                          –ë–∞–π–¥–µ–Ω.
–ê—Ö-—Ö–∞-—Ö–∞:)))

https://t.me/rt_russian/160646",2023-06-07 11:03:05,,-1001797434593,"¬´–†–æ—Å—Å–∏—è —É–Ω–∏—á—Ç–æ–∂–µ–Ω–∞ —Å–∞–Ω–∫—Ü–∏—è–º–∏¬ª
                          –ë–∞–π–¥–µ–Ω.
–ê—Ö-—Ö–∞-—Ö–∞:)))

https://t.me/rt_russian/160646",,,
4,157315,"‚ùóÔ∏è–ü—Ä–∞–≤–æ–æ—Ö—Ä–∞–Ω–∏—Ç–µ–ª–∏ –ø—Ä–æ–≤–µ–ª–∏ –æ–±—ã—Å–∫–∏ –≤ –º–∏–Ω–∏—Å—Ç–µ—Ä—Å—Ç–≤–µ –æ–±—Ä–∞–∑–æ–≤–∞–Ω–∏—è –∏ –Ω–∞—É–∫–∏ –î–∞–≥–µ—Å—Ç–∞–Ω–∞, —Å–æ–æ–±—â–∞–µ—Ç –¢–ê–°–°. 

–í –ø—Ä–∞–≤–æ–æ—Ö—Ä–∞–Ω–∏—Ç–µ–ª—å–Ω—ã—Ö –æ—Ä–≥–∞–Ω–∞—Ö —É—Ç–æ—á–Ω–∏–ª–∏, —á—Ç–æ –æ–±—ã—Å–∫–∏ –ø—Ä–æ—à–ª–∏ –ø–æ —É–≥–æ–ª–æ–≤–Ω–æ–º—É –¥–µ–ª—É, —Å–≤—è–∑–∞–Ω–Ω–æ–º—É —Å –≤—ã–ø–ª–∞—Ç–∞–º–∏ –¥–∏—Ä–µ–∫—Ç–æ—Ä–∞–º —à–∫–æ–ª.",2023-06-07 11:50:06,,-1001394050290,–û–±—ã—Å–∫–∏ –≤ –º–∏–Ω–æ–±—Ä–∞–∑–æ–≤–∞–Ω–∏—è –î–∞–≥–µ—Å—Ç–∞–Ω–∞ –ø–æ –¥–µ–ª—É –æ –≤—ã–ø–ª–∞—Ç–∞—Ö.,,,
16,157317,"–†–µ–∫–æ–Ω—Å—Ç—Ä—É–∫—Ü–∏—è –ø—Ä–æ–ø—É—Å–∫–Ω–æ–≥–æ –ø—É–Ω–∫—Ç–∞ ""–í–µ—Ä—Ö–Ω–∏–π –õ–∞—Ä—Å"" –∑–∞–≤–µ—Ä—à–∏—Ç—Å—è –∫ 15 –∏—é–Ω—è ‚Äî –ú–∏—à—É—Å—Ç–∏–Ω",2023-06-07 12:10:25,,-1001394050290,"–†–µ–∫–æ–Ω—Å—Ç—Ä—É–∫—Ü–∏—è –ø—Ä–æ–ø—É—Å–∫–Ω–æ–≥–æ –ø—É–Ω–∫—Ç–∞ ""–í–µ—Ä—Ö–Ω–∏–π –õ–∞—Ä—Å"" –∑–∞–≤–µ—Ä—à–∏—Ç—Å—è –∫ 15 –∏—é–Ω—è ‚Äî –ú–∏—à—É—Å—Ç–∏–Ω",,,
17,18941,"üëßüë¶ –í –∑–∞–≥–æ—Ä–æ–¥–Ω—ã—Ö –¥–µ—Ç—Å–∫–∏—Ö –ª–∞–≥–µ—Ä—è—Ö –ú–∞—Ä–∏–π –≠–ª –≤ –¥–∞–Ω–Ω—ã–π –º–æ–º–µ–Ω—Ç –æ—Ç–¥—ã—Ö–∞—é—Ç 2335 –¥–µ—Ç–µ–π, –∏ –µ—â—ë 12265 —Ä–µ–±—è—Ç –ø–æ—Å–µ—â–∞—é—Ç 175 –ø—Ä–∏—à–∫–æ–ª—å–Ω—ã—Ö –ª–∞–≥–µ—Ä–µ–π.

–í—Å–µ–≥–æ –Ω–∞ —Ç–µ—Ä—Ä–∏—Ç–æ—Ä–∏–∏ —Ä–µ—Å–ø—É–±–ª–∏–∫–∏ –ø–ª–∞–Ω–∏—Ä—É–µ—Ç—Å—è –æ—Ç–∫—Ä—ã—Ç—å 200 –æ–∑–¥–æ—Ä–æ–≤–∏—Ç–µ–ª—å–Ω—ã—Ö –æ—Ä–≥–∞–Ω–∏–∑–∞—Ü–∏–π –¥–ª—è –¥–µ—Ç–µ–π –∏ –ø–æ–¥—Ä–æ—Å—Ç–∫–æ–≤, –∏–∑ –∫–æ—Ç–æ—Ä—ã—Ö –≤ –ø–µ—Ä–≤—É—é —Å–º–µ–Ω—É –±—É–¥—É—Ç —Ñ—É–Ω–∫—Ü–∏–æ–Ω–∏—Ä–æ–≤–∞—Ç—å 192 –ª–∞–≥–µ—Ä—è, –≤–∫–ª—é—á–∞—è 13 –∑–∞–≥–æ—Ä–æ–¥–Ω—ã—Ö, 177 –ø—Ä–∏—à–∫–æ–ª—å–Ω—ã—Ö –∏ 2 –ø–∞–ª–∞—Ç–æ—á–Ω—ã—Ö.

–í—Å–µ –æ—Ä–≥–∞–Ω–∏–∑–∞—Ü–∏–∏, –∫–æ—Ç–æ—Ä—ã–µ –Ω–∞—á–Ω—É—Ç —Ä–∞–±–æ—Ç—É –≤ –ø–µ—Ä–≤—É—é —Å–º–µ–Ω—É, –∏–º–µ—é—Ç —Å–∞–Ω–∏—Ç–∞—Ä–Ω–æ-—ç–ø–∏–¥–µ–º–∏–æ–ª–æ–≥–∏—á–µ—Å–∫–∏–µ –∑–∞–∫–ª—é—á–µ–Ω–∏—è –æ—Ç –†–æ—Å–ø–æ—Ç—Ä–µ–±–Ω–∞–¥–∑–æ—Ä–∞. –í –Ω–µ–∫–æ—Ç–æ—Ä—ã—Ö –ª–∞–≥–µ—Ä—è—Ö, —Ä–∞—Å–ø–æ–ª–æ–∂–µ–Ω–Ω—ã—Ö –Ω–∞ –±–µ—Ä–µ–≥—É –æ–∑–µ—Ä, –¥–µ—Ç–∏ —Å–º–æ–≥—É—Ç –∫—É–ø–∞—Ç—å—Å—è, –≤–µ–¥—å –∏—Ö –∞–¥–º–∏–Ω–∏—Å—Ç—Ä–∞—Ü–∏—è –ø–æ–ª—É—á–∏–ª–∞ —Ä–∞–∑—Ä–µ—à–µ–Ω–∏–µ –æ—Ç –Ω–∞–¥–∑–æ—Ä–Ω–æ–π –∏–Ω—Å—Ç–∞–Ω—Ü–∏–∏.",2023-06-07 12:07:40,,-1001098860759,–í –ú–∞—Ä–∏–π –≠–ª –æ—Ç–¥—ã—Ö–∞—é—Ç –±–æ–ª–µ–µ 23 —Ç—ã—Å—è—á –¥–µ—Ç–µ–π,,,
22,157318,"**¬´–í–µ—Å—Ç–∏-–ú–∞–≥–∞–¥–∞–Ω¬ª –ø–æ–∫–∞–∑—ã–≤–∞—é—Ç, **[**–≤¬†–∫–∞–∫–∏—Ö —É—Å–ª–æ–≤–∏—è—Ö](https://t.me/navideovidno/62218)**** –∂–∏–≤—É—Ç –ø–∞—Å—Å–∞–∂–∏—Ä—ã —Å–∞–º–æ–ª–µ—Ç–∞, –ª–µ—Ç–µ–≤—à–µ–≥–æ –∏–∑ –î–µ–ª–∏ –≤¬†–°–∞–Ω-–§—Ä–∞–Ω—Ü–∏—Å–∫–æ, –Ω–æ –∞–≤–∞—Ä–∏–π–Ω–æ —Å–µ–≤—à–µ–≥–æ –≤ –∞—ç—Ä–æ–ø–æ—Ä—Ç—É –ú–∞–≥–∞–¥–∞–Ω–∞**

232 –ø–∞—Å—Å–∞–∂–∏—Ä–∞ –∏ 11 —á–ª–µ–Ω–æ–≤ —ç–∫–∏–ø–∞–∂–∞ Boeing, –∫–æ—Ç–æ—Ä—ã–µ –ø–ª–∞–Ω–∏—Ä–æ–≤–∞–ª–∏ –¥–æ–ª–µ—Ç–µ—Ç—å –¥–æ –∞–º–µ—Ä–∏–∫–∞–Ω—Å–∫–æ–≥–æ –°–∞–Ω-–§—Ä–∞–Ω—Ü–∏—Å–∫–æ, –Ω–µ–æ–∂–∏–¥–∞–Ω–Ω–æ –æ–∫–∞–∑–∞–ª–∏—Å—å –≤ —Å—Ç–æ–ª–∏—Ü–µ –ö–æ–ª—ã–º—ã –∏–∑-–∑–∞ –Ω–µ–∏—Å–ø—Ä–∞–≤–Ω–æ—Å—Ç–∏ –¥–≤–∏–≥–∞—Ç–µ–ª—è.
–û—Ç—Ä–µ–º–æ–Ω—Ç–∏—Ä–æ–≤–∞—Ç—å –±–æ—Ä—Ç –Ω–µ —É–¥–∞–ª–æ—Å—å, –ø–æ—ç—Ç–æ–º—É –±–æ–ª—å—à—É—é —á–∞—Å—Ç—å –≤—ã–Ω—É–∂–¥–µ–Ω–Ω—ã—Ö –ø—É—Ç–µ—à–µ—Å—Ç–≤–µ–Ω–Ω–∏–∫–æ–≤ —Ä–∞–∑–º–µ—Å—Ç–∏–ª–∏ –Ω–µ–¥–∞–ª–µ–∫–æ –æ—Ç –∞—ç—Ä–æ–ø–æ—Ä—Ç–∞ ‚Äî –≤ –æ–±—Ä–∞–∑–æ–≤–∞—Ç–µ–ª—å–Ω–æ–º —É—á—Ä–µ–∂–¥–µ–Ω–∏–∏ –ø–æ—Å–µ–ª–∫–∞ –°–æ–∫–æ–ª. –†–æ—Å–∞–≤–∏–∞—Ü–∏—è —Ä–∞–∑—Ä–µ—à–∏–ª–∞ –∞–≤–∏–∞–∫–æ–º–ø–∞–Ω–∏–∏ –≤—ã—Å–ª–∞—Ç—å –∑–∞ –Ω–∏–º–∏ —Ä–µ–∑–µ—Ä–≤–Ω—ã–π –±–æ—Ä—Ç, —Å–∞–º–æ–ª–µ—Ç —É–∂–µ –≤ –ø—É—Ç–∏.",2023-06-07 12:15:06,,-1001394050290,"**¬´–í–µ—Å—Ç–∏-–ú–∞–≥–∞–¥–∞–Ω¬ª –ø–æ–∫–∞–∑—ã–≤–∞—é—Ç, **[**–≤¬†–∫–∞–∫–∏—Ö —É—Å–ª–æ–≤–∏—è—Ö](https://t",,,
23,157319,"‚ùóÔ∏è30 —á–µ–ª–æ–≤–µ–∫ —Å–∫–æ–Ω—á–∞–ª–∏—Å—å –∏–∑-–∑–∞ –æ—Ç—Ä–∞–≤–ª–µ–Ω–∏—è —Å–∏–¥—Ä–æ–º, —Ç—Ä–æ–µ –Ω–∞—Ö–æ–¥—è—Ç—Å—è –≤ –∫—Ä–∞–π–Ω–µ —Ç—è–∂–µ–ª–æ–º —Å–æ—Å—Ç–æ—è–Ω–∏–∏, –≤—Å–µ–≥–æ –ø–æ—Å—Ç—Ä–∞–¥–∞–ª–∏ 96 —á–µ–ª–æ–≤–µ–∫ ‚Äî –ú–∏–Ω–∑–¥—Ä–∞–≤ –†–§",2023-06-07 12:16:20,,-1001394050290,"‚ùóÔ∏è30 —á–µ–ª–æ–≤–µ–∫ —Å–∫–æ–Ω—á–∞–ª–∏—Å—å –∏–∑-–∑–∞ –æ—Ç—Ä–∞–≤–ª–µ–Ω–∏—è —Å–∏–¥—Ä–æ–º, —Ç—Ä–æ–µ –Ω–∞—Ö–æ–¥—è—Ç—Å—è –≤ –∫—Ä–∞–π–Ω–µ —Ç—è–∂–µ–ª–æ–º —Å–æ—Å—Ç–æ—è–Ω–∏–∏, –≤—Å–µ–≥–æ –ø–æ—Å—Ç—Ä–∞–¥–∞–ª–∏ 96 —á–µ–ª–æ–≤–µ–∫ ‚Äî –ú–∏–Ω–∑–¥—Ä–∞–≤ –†–§",,,
24,157320,"‚ùóÔ∏è**–≠—Ä–¥–æ–≥–∞–Ω –ø—Ä–æ–≤–µ–ª —Ç–µ–ª–µ—Ñ–æ–Ω–Ω—ã–π —Ä–∞–∑–≥–æ–≤–æ—Ä —Å –ó–µ–ª–µ–Ω—Å–∫–∏–º, –æ–±—Å—É–¥–∏–ª –∏–¥–µ—é —Å–æ–∑–¥–∞–Ω–∏—è ""–º–µ–∂–¥—É–Ω–∞—Ä–æ–¥–Ω–æ–π –∫–æ–º–∏—Å—Å–∏–∏"" –ø–æ —Ä–∞—Å—Å–ª–µ–¥–æ–≤–∞–Ω–∏—é —Ä–∞–∑—Ä—É—à–µ–Ω–∏—è –ö–∞—Ö–æ–≤—Å–∫–æ–π –ì–≠–°

**–≠—Ä–¥–æ–≥–∞–Ω –∑–∞—è–≤–∏–ª –ó–µ–ª–µ–Ω—Å–∫–æ–º—É –æ –≤–æ–∑–º–æ–∂–Ω–æ—Å—Ç–∏ —Å–æ–∑–¥–∞–Ω–∏—è –∫–æ–º–∏—Å—Å–∏–∏ —Å —É—á–∞—Å—Ç–∏–µ–º –û–û–ù –∏ —ç–∫—Å–ø–µ—Ä—Ç–æ–≤ –¥–ª—è —Ä–∞—Å—Å–ª–µ–¥–æ–≤–∞–Ω–∏—è —Ä–∞–∑—Ä—É—à–µ–Ω–∏—è –ì–≠–°, —Å–æ–æ–±—â–∏–ª–∏ –≤ –∫–∞–Ω—Ü–µ–ª—è—Ä–∏–∏ —Ç—É—Ä–µ—Ü–∫–æ–≥–æ –ª–∏–¥–µ—Ä–∞.",2023-06-07 12:20:28,,-1001394050290,"‚ùóÔ∏è**–≠—Ä–¥–æ–≥–∞–Ω –ø—Ä–æ–≤–µ–ª —Ç–µ–ª–µ—Ñ–æ–Ω–Ω—ã–π —Ä–∞–∑–≥–æ–≤–æ—Ä —Å –ó–µ–ª–µ–Ω—Å–∫–∏–º, –æ–±—Å—É–¥–∏–ª –∏–¥–µ—é —Å–æ–∑–¥–∞–Ω–∏—è ""–º–µ–∂–¥—É–Ω–∞—Ä–æ–¥–Ω–æ–π –∫–æ–º–∏—Å—Å–∏–∏"" –ø–æ —Ä–∞—Å—Å–ª–µ–¥–æ–≤–∞–Ω–∏—é —Ä–∞–∑—Ä—É—à–µ–Ω–∏—è –ö–∞—Ö–æ–≤—Å–∫–æ–π –ì–≠–°",,,
25,157321,"‚ö°Ô∏è–í–æ–∑–æ–±–Ω–æ–≤–ª–µ–Ω–∏–µ –ø–µ—Ä–µ–≥–æ–≤–æ—Ä–Ω–æ–≥–æ –ø—Ä–æ—Ü–µ—Å—Å–∞ –ø–æ –£–∫—Ä–∞–∏–Ω–µ –∑–∞–≤–∏—Å–∏—Ç –æ—Ç –≥–æ—Ç–æ–≤–Ω–æ—Å—Ç–∏ –∫ —ç—Ç–æ–º—É –ö–∏–µ–≤–∞, **–æ–Ω–æ –≤–æ–∑–º–æ–∂–Ω–æ —Ç–æ–ª—å–∫–æ —Å —É—á–µ—Ç–æ–º –ø—Ä–∏–∑–Ω–∞–Ω–∏—è –Ω–æ–≤—ã—Ö –≥–µ–æ–ø–æ–ª–∏—Ç–∏—á–µ—Å–∫–∏—Ö —Ä–µ–∞–ª–∏–π **‚Äî –ú–ò–î –†–§",2023-06-07 12:20:58,,-1001394050290,"‚ö°Ô∏è–í–æ–∑–æ–±–Ω–æ–≤–ª–µ–Ω–∏–µ –ø–µ—Ä–µ–≥–æ–≤–æ—Ä–Ω–æ–≥–æ –ø—Ä–æ—Ü–µ—Å—Å–∞ –ø–æ –£–∫—Ä–∞–∏–Ω–µ –∑–∞–≤–∏—Å–∏—Ç –æ—Ç –≥–æ—Ç–æ–≤–Ω–æ—Å—Ç–∏ –∫ —ç—Ç–æ–º—É –ö–∏–µ–≤–∞, **–æ–Ω–æ –≤–æ–∑–º–æ–∂–Ω–æ —Ç–æ–ª—å–∫–æ —Å —É—á–µ—Ç–æ–º –ø—Ä–∏–∑–Ω–∞–Ω–∏—è –Ω–æ–≤—ã—Ö –≥–µ–æ–ø–æ–ª–∏—Ç–∏—á–µ—Å–∫–∏—Ö —Ä–µ–∞–ª–∏–π **‚Äî –ú–ò–î –†–§",,,
26,157322,"‚ö°Ô∏è**–°–µ–∫—Ä–µ—Ç–∞—Ä—å –°–æ–≤–±–µ–∑–∞ –†–§ –ü–∞—Ç—Ä—É—à–µ–≤ –∑–∞—è–≤–∏–ª, —á—Ç–æ –ø–æ–¥—Ä—ã–≤ –ø–ª–æ—Ç–∏–Ω—ã –ö–∞—Ö–æ–≤—Å–∫–æ–π –ì–≠–° –æ—Å—É—â–µ—Å—Ç–≤–∏–ª–∞ –£–∫—Ä–∞–∏–Ω–∞

**–ü–∞—Ç—Ä—É—à–µ–≤ –∑–∞—è–≤–∏–ª, —á—Ç–æ –ö–∏–µ–≤ —Å–ø–µ—Ä–≤–∞ –ø—Ä–æ–∏–∑–≤–µ–ª –º–∞—Å—à—Ç–∞–±–Ω—ã–π —Å–±—Ä–æ—Å –≤–æ–¥—ã –Ω–∞ –î–Ω–µ–ø—Ä–æ–ì–≠–°, –∞ –∑–∞—Ç–µ–º –Ω–∞–Ω–µ—Å —É–¥–∞—Ä –ø–æ –ö–∞—Ö–æ–≤—Å–∫–æ–π –ì–≠–°",2023-06-07 12:22:03,,-1001394050290,"‚ö°Ô∏è**–°–µ–∫—Ä–µ—Ç–∞—Ä—å –°–æ–≤–±–µ–∑–∞ –†–§ –ü–∞—Ç—Ä—É—à–µ–≤ –∑–∞—è–≤–∏–ª, —á—Ç–æ –ø–æ–¥—Ä—ã–≤ –ø–ª–æ—Ç–∏–Ω—ã –ö–∞—Ö–æ–≤—Å–∫–æ–π –ì–≠–° –æ—Å—É—â–µ—Å—Ç–≤–∏–ª–∞ –£–∫—Ä–∞–∏–Ω–∞

**–ü–∞—Ç—Ä—É—à–µ–≤ –∑–∞—è–≤–∏–ª, —á—Ç–æ –ö–∏–µ–≤ —Å–ø–µ—Ä–≤–∞ –ø—Ä–æ–∏–∑–≤–µ–ª –º–∞—Å—à—Ç–∞–±–Ω—ã–π —Å–±—Ä–æ—Å –≤–æ–¥—ã –Ω–∞ –î–Ω–µ–ø—Ä–æ–ì–≠–°, –∞ –∑–∞—Ç–µ–º –Ω–∞–Ω–µ—Å —É–¥–∞—Ä –ø–æ –ö–∞—Ö–æ–≤—Å–∫–æ–π –ì–≠–°",,,
27,157323,"‚ö°Ô∏è–ö–∏–µ–≤—Å–∫–∏–π –Ω–∞—Ü–∏—Å—Ç—Å–∫–∏–π —Ä–µ–∂–∏–º, —Å–æ–∑–¥–∞–Ω–Ω—ã–π –°–®–ê –∏ –ë—Ä–∏—Ç–∞–Ω–∏–µ–π, –Ω–µ–æ–±—Ö–æ–¥–∏–º–æ —Å–º–µ–Ω–∏—Ç—å, –ø—Ä–∏–¥–∞–≤ –Ω–∞ –ø—Ä–∞–∫—Ç–∏–∫–µ –£–∫—Ä–∞–∏–Ω–µ —Å—Ç–∞—Ç—É—Å –Ω–µ–π—Ç—Ä–∞–ª—å–Ω–æ–≥–æ –≥–æ—Å—É–¥–∞—Ä—Å—Ç–≤–∞ ‚Äî –ü–∞—Ç—Ä—É—à–µ–≤",2023-06-07 12:23:53,,-1001394050290,"‚ö°Ô∏è–ö–∏–µ–≤—Å–∫–∏–π –Ω–∞—Ü–∏—Å—Ç—Å–∫–∏–π —Ä–µ–∂–∏–º, —Å–æ–∑–¥–∞–Ω–Ω—ã–π –°–®–ê –∏ –ë—Ä–∏—Ç–∞–Ω–∏–µ–π, –Ω–µ–æ–±—Ö–æ–¥–∏–º–æ —Å–º–µ–Ω–∏—Ç—å, –ø—Ä–∏–¥–∞–≤ –Ω–∞ –ø—Ä–∞–∫—Ç–∏–∫–µ –£–∫—Ä–∞–∏–Ω–µ —Å—Ç–∞—Ç—É—Å –Ω–µ–π—Ç—Ä–∞–ª—å–Ω–æ–≥–æ –≥–æ—Å—É–¥–∞—Ä—Å—Ç–≤–∞ ‚Äî –ü–∞—Ç—Ä—É—à–µ–≤",,,
28,157324,"**–°—Ç–æ—Ä–æ–Ω–Ω–∏–∫–∏ –∏–¥–µ–∏ ""–∑–æ–ª–æ—Ç–æ–≥–æ –º–∏–ª–ª–∏–∞—Ä–¥–∞"" –≤ —Å—Ç—Ä–µ–º–ª–µ–Ω–∏–∏ —Å–æ–∫—Ä–∞—Ç–∏—Ç—å –Ω–∞—Å–µ–ª–µ–Ω–∏–µ –ó–µ–º–ª–∏, –∫–æ—Ç–æ—Ä–æ–µ –æ–Ω–∏ –Ω–∏–∫–æ–≥–¥–∞ –Ω–µ —Å–∫—Ä—ã–≤–∞–ª–∏, –¥–æ—à–ª–∏ –¥–æ –£–∫—Ä–∞–∏–Ω—ã

**–û–± —ç—Ç–æ–º –∑–∞—è–≤–∏–ª–∞ –æ—Ñ–∏—Ü–∏–∞–ª—å–Ω—ã–π –ø—Ä–µ–¥—Å—Ç–∞–≤–∏—Ç–µ–ª—å –ú–ò–î –†–§ –ú–∞—Ä–∏—è –ó–∞—Ö–∞—Ä–æ–≤–∞ –≤ —Å—Ä–µ–¥—É –Ω–∞ –±—Ä–∏—Ñ–∏–Ω–≥–µ.",2023-06-07 12:30:01,,-1001394050290,"**–°—Ç–æ—Ä–æ–Ω–Ω–∏–∫–∏ –∏–¥–µ–∏ ""–∑–æ–ª–æ—Ç–æ–≥–æ –º–∏–ª–ª–∏–∞—Ä–¥–∞"" –≤ —Å—Ç—Ä–µ–º–ª–µ–Ω–∏–∏ —Å–æ–∫—Ä–∞—Ç–∏—Ç—å –Ω–∞—Å–µ–ª–µ–Ω–∏–µ –ó–µ–º–ª–∏, –∫–æ—Ç–æ—Ä–æ–µ –æ–Ω–∏ –Ω–∏–∫–æ–≥–¥–∞ –Ω–µ —Å–∫—Ä—ã–≤–∞–ª–∏, –¥–æ—à–ª–∏ –¥–æ –£–∫—Ä–∞–∏–Ω—ã",,,
29,157325,‚ùóÔ∏è–†–æ—Å—Å–∏—è –Ω–∞—á–∏–Ω–∞–µ—Ç —Å–æ–∑–¥–∞–Ω–∏–µ –≤ –ö–∏—Ä–≥–∏–∑–∏–∏ —Ä—É—Å—Å–∫–æ—è–∑—ã—á–Ω—ã—Ö —à–∫–æ–ª ‚Äî –ú–∏—à—É—Å—Ç–∏–Ω,2023-06-07 12:35:20,,-1001394050290,‚ùóÔ∏è–†–æ—Å—Å–∏—è –Ω–∞—á–∏–Ω–∞–µ—Ç —Å–æ–∑–¥–∞–Ω–∏–µ –≤ –ö–∏—Ä–≥–∏–∑–∏–∏ —Ä—É—Å—Å–∫–æ—è–∑—ã—á–Ω—ã—Ö —à–∫–æ–ª ‚Äî –ú–∏—à—É—Å—Ç–∏–Ω,,,
30,4869,"–≠—Ç–æ –ø–æ—Ö–æ–∂–µ –Ω–∞ —Å—Ñ–æ—Ä–º–∏—Ä–æ–≤–∞–≤—à—É—é—Å—è —Ü–µ–ª—å.
–ß–µ—Ç–∫—É—é, –ø–æ–Ω—è—Ç–Ω—É—é —Ü–µ–ª—å.

https://t.me/bbbreaking/157323",2023-06-07 12:36:17,,-1001797434593,–≠—Ç–æ –ø–æ—Ö–æ–∂–µ –Ω–∞ —Å—Ñ–æ—Ä–º–∏—Ä–æ–≤–∞–≤—à—É—é—Å—è —Ü–µ–ª—å,,,
31,157326,"–ú–ß–° –†–§ –¥–æ—Å—Ç–∞–≤–∏—Ç –≤ –∑–∞—Ç–æ–ø–ª–µ–Ω–Ω—ã–µ —Ä–∞–π–æ–Ω—ã –•–µ—Ä—Å–æ–Ω—Å–∫–æ–π –æ–±–ª–∞—Å—Ç–∏ —ç–ª–µ–∫—Ç—Ä–æ—Å—Ç–∞–Ω—Ü–∏–∏, –º–æ—Ç–æ–ø–æ–º–ø—ã –∏ —Ç–µ–ø–ª–æ–≤—ã–µ –ø—É—à–∫–∏ ‚Äî –≤–µ–¥–æ–º—Å—Ç–≤–æ",2023-06-07 12:40:23,,-1001394050290,"–ú–ß–° –†–§ –¥–æ—Å—Ç–∞–≤–∏—Ç –≤ –∑–∞—Ç–æ–ø–ª–µ–Ω–Ω—ã–µ —Ä–∞–π–æ–Ω—ã –•–µ—Ä—Å–æ–Ω—Å–∫–æ–π –æ–±–ª–∞—Å—Ç–∏ —ç–ª–µ–∫—Ç—Ä–æ—Å—Ç–∞–Ω—Ü–∏–∏, –º–æ—Ç–æ–ø–æ–º–ø—ã –∏ —Ç–µ–ø–ª–æ–≤—ã–µ –ø—É—à–∫–∏ ‚Äî –≤–µ–¥–æ–º—Å—Ç–≤–æ",,,
32,157327,"–≠—Ä–¥–æ–≥–∞–Ω –ø—Ä–æ–≤–µ–ª —Ç–µ–ª–µ—Ñ–æ–Ω–Ω—ã–µ –ø–µ—Ä–µ–≥–æ–≤–æ—Ä—ã —Å –ü—É—Ç–∏–Ω—ã–º, –æ–±—Å—É–∂–¥–µ–Ω–∞ —Å–∏—Ç—É–∞—Ü–∏—è –Ω–∞ –£–∫—Ä–∞–∏–Ω–µ, —Å–æ–æ–±—â–∏–ª–∞ –∫–∞–Ω—Ü–µ–ª—è—Ä–∏—è —Ç—É—Ä–µ—Ü–∫–æ–≥–æ –ø—Ä–µ–∑–∏–¥–µ–Ω—Ç–∞.

–≠—Ä–¥–æ–≥–∞–Ω –≤ —Ä–∞–∑–≥–æ–≤–æ—Ä–µ —Å –ü—É—Ç–∏–Ω—ã–º –≤—ã—Å—Ç—É–ø–∏–ª —Å –∏–Ω–∏—Ü–∏–∞—Ç–∏–≤–æ–π —Å–æ–∑–¥–∞–Ω–∏—è –º–µ–∂–¥—É–Ω–∞—Ä–æ–¥–Ω–æ–π –∫–æ–º–∏—Å—Å–∏–∏ –ø–æ –ö–∞—Ö–æ–≤—Å–∫–æ–π –ì–≠–°.",2023-06-07 12:49:20,,-1001394050290,"–≠—Ä–¥–æ–≥–∞–Ω –ø—Ä–æ–≤–µ–ª —Ç–µ–ª–µ—Ñ–æ–Ω–Ω—ã–µ –ø–µ—Ä–µ–≥–æ–≤–æ—Ä—ã —Å –ü—É—Ç–∏–Ω—ã–º, –æ–±—Å—É–∂–¥–µ–Ω–∞ —Å–∏—Ç—É–∞—Ü–∏—è –Ω–∞ –£–∫—Ä–∞–∏–Ω–µ, —Å–æ–æ–±—â–∏–ª–∞ –∫–∞–Ω—Ü–µ–ª—è—Ä–∏—è —Ç—É—Ä–µ—Ü–∫–æ–≥–æ –ø—Ä–µ–∑–∏–¥–µ–Ω—Ç–∞",,,
33,157328,"–ú–æ—Å–∫–≤–∞ –¥–æ—Ä–æ–∂–∏—Ç –±—Ä–∞—Ç—Å–∫–∏–º–∏ –æ—Ç–Ω–æ—à–µ–Ω–∏—è–º–∏ —Å –ï—Ä–µ–≤–∞–Ω–æ–º, –∫–æ—Ç–æ—Ä—ã–µ –Ω–æ—Å—è—Ç —Å—Ç—Ä–∞—Ç–µ–≥–∏—á–µ—Å–∫–∏–π –∏ —Å–æ—é–∑–Ω–∏—á–µ—Å–∫–∏–π —Ö–∞—Ä–∞–∫—Ç–µ—Ä, –∑–∞—è–≤–∏–ª –ø—Ä–µ–º—å–µ—Ä-–º–∏–Ω–∏—Å—Ç—Ä –†–§ –ú–∏—Ö–∞–∏–ª –ú–∏—à—É—Å—Ç–∏–Ω.",2023-06-07 12:50:22,,-1001394050290,"–ú–æ—Å–∫–≤–∞ –¥–æ—Ä–æ–∂–∏—Ç –±—Ä–∞—Ç—Å–∫–∏–º–∏ –æ—Ç–Ω–æ—à–µ–Ω–∏—è–º–∏ —Å –ï—Ä–µ–≤–∞–Ω–æ–º, –∫–æ—Ç–æ—Ä—ã–µ –Ω–æ—Å—è—Ç —Å—Ç—Ä–∞—Ç–µ–≥–∏—á–µ—Å–∫–∏–π –∏ —Å–æ—é–∑–Ω–∏—á–µ—Å–∫–∏–π —Ö–∞—Ä–∞–∫—Ç–µ—Ä, –∑–∞—è–≤–∏–ª –ø—Ä–µ–º—å–µ—Ä-–º–∏–Ω–∏—Å—Ç—Ä –†–§ –ú–∏—Ö–∞–∏–ª –ú–∏—à—É—Å—Ç–∏–Ω.",,,
34,4870,"–í –†–æ—Å—Å–∏–∏ –ú–ù–û–ì–û —Ö–æ—Ä–æ—à–∏—Ö, –¥—É—à–µ–≤–Ω—ã—Ö –ª—é–¥–µ–π. –ò –∫–∞—é—Å—å, –¥–æ –Ω–∞—á–∞–ª–∞ –°–í–û, —è –æ–± —ç—Ç–æ–º –∏ –Ω–µ –ø–æ–¥–æ–∑—Ä–µ–≤–∞–ª‚Ä¶

https://t.me/BARS011/2236",2023-06-07 12:52:59,,-1001797434593,"–í –†–æ—Å—Å–∏–∏ –ú–ù–û–ì–û —Ö–æ—Ä–æ—à–∏—Ö, –¥—É—à–µ–≤–Ω—ã—Ö –ª—é–¥–µ–π",,,
37,157329,"–ü–æ–ª—å—à–∞ –¥–µ–ø–æ—Ä—Ç–∏—Ä–æ–≤–∞–ª–∞ —Ä–æ—Å—Å–∏—è–Ω–∏–Ω–∞, –∫–æ—Ç–æ—Ä—ã–π –≤—ã–¥–∞–≤–∞–ª —Å–µ–±—è –∑–∞ —ç–∫—Å-—Å–æ—Ç—Ä—É–¥–Ω–∏–∫–∞ –∫–æ–Ω—Ç—Ä—Ä–∞–∑–≤–µ–¥–∫–∏ –§–°–ë",2023-06-07 13:05:29,,-1001394050290,"–ü–æ–ª—å—à–∞ –¥–µ–ø–æ—Ä—Ç–∏—Ä–æ–≤–∞–ª–∞ —Ä–æ—Å—Å–∏—è–Ω–∏–Ω–∞, –∫–æ—Ç–æ—Ä—ã–π –≤—ã–¥–∞–≤–∞–ª —Å–µ–±—è –∑–∞ —ç–∫—Å-—Å–æ—Ç—Ä—É–¥–Ω–∏–∫–∞ –∫–æ–Ω—Ç—Ä—Ä–∞–∑–≤–µ–¥–∫–∏ –§–°–ë",,,
38,18942,"‚ùóÔ∏è **–û—Ç—Ä—è–¥ ¬´–õ–∏–∑–ê–ª–µ—Ä—Ç¬ª –≤ –ú–∞—Ä–∏–π –≠–ª –æ–ø—É–±–ª–∏–∫–æ–≤–∞–ª —Å—Ç–∞—Ç–∏—Å—Ç–∏–∫—É –∑–∞ –ø—Ä–æ—à–ª—ã–π –º–µ—Å—è—Ü ‚Äî –≤—Å–µ–≥–æ –ø–æ—Å—Ç—É–ø–∏–ª–æ 22 –∑–∞—è–≤–∫–∏ –Ω–∞ –ø–æ–∏—Å–∫.**

–í 16 —Å–ª—É—á–∞—è –≤–æ–ª–æ–Ω—Ç–µ—Ä—ã —É—Å–ø–µ—à–Ω–æ –æ—Ç—Ä–∞–±–æ—Ç–∞–ª–∏ –∏ –Ω–∞—à–ª–∏ –ø—Ä–æ–ø–∞–≤—à–∏—Ö. –û–¥–∏–Ω –∏–∑ –ø–æ–∏—Å–∫–æ–≤—ã—Ö –¥–Ω–µ–π –∑–∞–∫–æ–Ω—á–∏–ª—Å—è –ø–µ—á–∞–ª—å–Ω—ã–º–∏ –∏–∑–≤–µ—Å—Ç–∏—è–º–∏ ‚Äî –ø–æ—Ç–µ—Ä—è–≤—à–∏–π—Å—è –ø–æ–≥–∏–±. –¢—Ä–∏–∂–¥—ã —Ä–æ–¥—Å—Ç–≤–µ–Ω–Ω–∏–∫–∏ —Å–ø—Ä–∞–≤–∏–ª–∏—Å—å —Å–∞–º–∏. –ï—â–µ —Ç—Ä–æ–∏—Ö –ª—é–¥–µ–π –Ω–∞–π—Ç–∏, –∫ —Å–æ–∂–∞–ª–µ–Ω–∏—é, –Ω–µ —É–¥–∞–ª–æ—Å—å.

¬´–ú—ã –±–ª–∞–≥–æ–¥–∞—Ä–∏–º –≤—Å–µ—Ö, –∫—Ç–æ –ø—Ä–∏–Ω–∏–º–∞–ª —É—á–∞—Å—Ç–∏–µ –≤ –ø–æ–∏—Å–∫–æ–≤–æ-—Å–ø–∞—Å–∞—Ç–µ–ª—å–Ω—ã—Ö —Ä–∞–±–æ—Ç–∞—Ö –∏ –Ω–µ –æ—Å—Ç–∞–ª—Å—è —Ä–∞–≤–Ω–æ–¥—É—à–Ω—ã–º¬ª, ‚Äî –∑–∞—è–≤–∏–ª–∏ –≤–æ–ª–æ–Ω—Ç–µ—Ä—ã –≤ –ø–∞–±–ª–∏–∫–µ –≤–æ –í–∫–æ–Ω—Ç–∞–∫—Ç–µ.",2023-06-07 13:06:32,,-1001098860759,‚ùóÔ∏è **–û—Ç—Ä—è–¥ ¬´–õ–∏–∑–ê–ª–µ—Ä—Ç¬ª –≤ –ú–∞—Ä–∏–π –≠–ª –æ–ø—É–±–ª–∏–∫–æ–≤–∞–ª —Å—Ç–∞—Ç–∏—Å—Ç–∏–∫—É –∑–∞ –ø—Ä–æ—à–ª—ã–π –º–µ—Å—è—Ü ‚Äî –≤—Å–µ–≥–æ –ø–æ—Å—Ç—É–ø–∏–ª–æ 22 –∑–∞—è–≤–∫–∏ –Ω–∞ –ø–æ–∏—Å–∫,,,
39,157330,‚ùóÔ∏è36 –Ω–∞—Å–µ–ª–µ–Ω–Ω—ã—Ö –ø—É–Ω–∫—Ç–æ–≤ –≤ —Ç—Ä–µ—Ö –æ–∫—Ä—É–≥–∞—Ö –ø–æ–¥–≤–µ—Ä–≥–ª–∏—Å—å –∑–∞—Ç–æ–ø–ª–µ–Ω–∏—é –∏–∑-–∑–∞ —Ä–∞–∑—Ä—É—à–µ–Ω–∏—è –ø–ª–æ—Ç–∏–Ω—ã –ö–∞—Ö–æ–≤—Å–∫–æ–π –ì–≠–° –≤ –•–µ—Ä—Å–æ–Ω—Å–∫–æ–π –æ–±–ª–∞—Å—Ç–∏ ‚Äî –°–∞–ª—å–¥–æ,2023-06-07 13:12:56,,-1001394050290,‚ùóÔ∏è36 –Ω–∞—Å–µ–ª–µ–Ω–Ω—ã—Ö –ø—É–Ω–∫—Ç–æ–≤ –≤ —Ç—Ä–µ—Ö –æ–∫—Ä—É–≥–∞—Ö –ø–æ–¥–≤–µ—Ä–≥–ª–∏—Å—å –∑–∞—Ç–æ–ø–ª–µ–Ω–∏—é –∏–∑-–∑–∞ —Ä–∞–∑—Ä—É—à–µ–Ω–∏—è –ø–ª–æ—Ç–∏–Ω—ã –ö–∞—Ö–æ–≤—Å–∫–æ–π –ì–≠–° –≤ –•–µ—Ä—Å–æ–Ω—Å–∫–æ–π –æ–±–ª–∞—Å—Ç–∏ ‚Äî –°–∞–ª—å–¥–æ,,,
40,157331,‚ö°Ô∏è–£–∫—Ä–∞–∏–Ω–∞ –æ–±—Ä–∞—Ç–∏–ª–∞—Å—å –≤ –ú–µ–∂–¥—É–Ω–∞—Ä–æ–¥–Ω—ã–π —É–≥–æ–ª–æ–≤–Ω—ã–π —Å—É–¥ –≤ –ì–∞–∞–≥–µ –≤ —Å–≤—è–∑–∏ —Å —Ä–∞–∑—Ä—É—à–µ–Ω–∏–µ–º –ö–∞—Ö–æ–≤—Å–∫–æ–π –ì–≠–°,2023-06-07 13:14:32,,-1001394050290,‚ö°Ô∏è–£–∫—Ä–∞–∏–Ω–∞ –æ–±—Ä–∞—Ç–∏–ª–∞—Å—å –≤ –ú–µ–∂–¥—É–Ω–∞—Ä–æ–¥–Ω—ã–π —É–≥–æ–ª–æ–≤–Ω—ã–π —Å—É–¥ –≤ –ì–∞–∞–≥–µ –≤ —Å–≤—è–∑–∏ —Å —Ä–∞–∑—Ä—É—à–µ–Ω–∏–µ–º –ö–∞—Ö–æ–≤—Å–∫–æ–π –ì–≠–°,,,
41,157332,"‚ùóÔ∏è–í 30 —Ä–µ–≥–∏–æ–Ω–∞—Ö –†–æ—Å—Å–∏–∏ –æ—Ç–º–µ—á–∞–µ—Ç—Å—è —Ç–µ–Ω–¥–µ–Ω—Ü–∏—è –∫ —É–≤–µ–ª–∏—á–µ–Ω–∏—é —É—Ä–æ–≤–Ω—è –æ–∂–∏—Ä–µ–Ω–∏—è —Å—Ä–µ–¥–∏ –≥—Ä–∞–∂–¥–∞–Ω, –æ—Å–æ–±–µ–Ω–Ω–æ —Å—Ä–µ–¥–∏ –º—É–∂—á–∏–Ω, —Å–æ–æ–±—â–∏–ª–∞ –≥–ª–∞–≤–Ω—ã–π –≤–Ω–µ—à—Ç–∞—Ç–Ω—ã–π —Å–ø–µ—Ü–∏–∞–ª–∏—Å—Ç –ø–æ —Ç–µ—Ä–∞–ø–∏–∏ –∏ –æ–±—â–µ–π –≤—Ä–∞—á–µ–±–Ω–æ–π –ø—Ä–∞–∫—Ç–∏–∫–µ –ú–∏–Ω–∑–¥—Ä–∞–≤–∞ –†–æ—Å—Å–∏–∏ –û–∫—Å–∞–Ω–∞ –î—Ä–∞–ø–∫–∏–Ω–∞.",2023-06-07 13:25:19,,-1001394050290,"‚ùóÔ∏è–í 30 —Ä–µ–≥–∏–æ–Ω–∞—Ö –†–æ—Å—Å–∏–∏ –æ—Ç–º–µ—á–∞–µ—Ç—Å—è —Ç–µ–Ω–¥–µ–Ω—Ü–∏—è –∫ —É–≤–µ–ª–∏—á–µ–Ω–∏—é —É—Ä–æ–≤–Ω—è –æ–∂–∏—Ä–µ–Ω–∏—è —Å—Ä–µ–¥–∏ –≥—Ä–∞–∂–¥–∞–Ω, –æ—Å–æ–±–µ–Ω–Ω–æ —Å—Ä–µ–¥–∏ –º—É–∂—á–∏–Ω, —Å–æ–æ–±—â–∏–ª–∞ –≥–ª–∞–≤–Ω—ã–π –≤–Ω–µ—à—Ç–∞—Ç–Ω—ã–π —Å–ø–µ—Ü–∏–∞–ª–∏—Å—Ç –ø–æ —Ç–µ—Ä–∞–ø–∏–∏ –∏ –æ–±—â–µ–π –≤—Ä–∞—á–µ–±–Ω–æ–π –ø—Ä–∞–∫—Ç–∏–∫–µ –ú–∏–Ω–∑–¥—Ä–∞–≤–∞ –†–æ—Å—Å–∏–∏ –û–∫—Å–∞–Ω–∞ –î—Ä–∞–ø–∫–∏–Ω–∞.",,,
42,157333,"‚ùóÔ∏è–ü—É—Ç–∏–Ω –≤ –±–µ—Å–µ–¥–µ —Å –≠—Ä–¥–æ–≥–∞–Ω–æ–º –∫–æ–Ω—Å—Ç–∞—Ç–∏—Ä–æ–≤–∞–ª, —á—Ç–æ –ö–∏–µ–≤ —Å –ø–æ–¥–∞—á–∏ –∑–∞–ø–∞–¥–∞ –¥–µ–ª–∞–µ—Ç –æ–ø–∞—Å–Ω—É—é —Å—Ç–∞–≤–∫—É –Ω–∞ —ç—Å–∫–∞–ª–∞—Ü–∏—é –±–æ–µ–≤—ã—Ö –¥–µ–π—Å—Ç–≤–∏–π ‚Äî –ö—Ä–µ–º–ª—å",2023-06-07 13:29:17,,-1001394050290,"‚ùóÔ∏è–ü—É—Ç–∏–Ω –≤ –±–µ—Å–µ–¥–µ —Å –≠—Ä–¥–æ–≥–∞–Ω–æ–º –∫–æ–Ω—Å—Ç–∞—Ç–∏—Ä–æ–≤–∞–ª, —á—Ç–æ –ö–∏–µ–≤ —Å –ø–æ–¥–∞—á–∏ –∑–∞–ø–∞–¥–∞ –¥–µ–ª–∞–µ—Ç –æ–ø–∞—Å–Ω—É—é —Å—Ç–∞–≤–∫—É –Ω–∞ —ç—Å–∫–∞–ª–∞—Ü–∏—é –±–æ–µ–≤—ã—Ö –¥–µ–π—Å—Ç–≤–∏–π ‚Äî –ö—Ä–µ–º–ª—å",,,
43,157334,"–ü—É—Ç–∏–Ω –≤ —Ö–æ–¥–µ —Ä–∞–∑–≥–æ–≤–æ—Ä–∞ —Å –≠—Ä–¥–æ–≥–∞–Ω–æ–º –Ω–∞–∑–≤–∞–ª —Ä–∞–∑—Ä—É—à–µ–Ω–∏–µ –ö–∞—Ö–æ–≤—Å–∫–æ–π –ì–≠–° **–≤–∞—Ä–≤–∞—Ä—Å–∫–æ–π –∞–∫—Ü–∏–µ–π –ö–∏–µ–≤–∞**, –æ—Å—É—â–µ—Å—Ç–≤–ª—ë–Ω–Ω–æ–π —Å –ø–æ–¥–∞—á–∏ –∑–∞–ø–∞–¥–Ω—ã—Ö –∫—É—Ä–∞—Ç–æ—Ä–æ–≤ ‚Äî –ö—Ä–µ–º–ª—å",2023-06-07 13:29:52,,-1001394050290,"–ü—É—Ç–∏–Ω –≤ —Ö–æ–¥–µ —Ä–∞–∑–≥–æ–≤–æ—Ä–∞ —Å –≠—Ä–¥–æ–≥–∞–Ω–æ–º –Ω–∞–∑–≤–∞–ª —Ä–∞–∑—Ä—É—à–µ–Ω–∏–µ –ö–∞—Ö–æ–≤—Å–∫–æ–π –ì–≠–° **–≤–∞—Ä–≤–∞—Ä—Å–∫–æ–π –∞–∫—Ü–∏–µ–π –ö–∏–µ–≤–∞**, –æ—Å—É—â–µ—Å—Ç–≤–ª—ë–Ω–Ω–æ–π —Å –ø–æ–¥–∞—á–∏ –∑–∞–ø–∞–¥–Ω—ã—Ö –∫—É—Ä–∞—Ç–æ—Ä–æ–≤ ‚Äî –ö—Ä–µ–º–ª—å",,,
44,157335,"**‚ùóÔ∏è–°–µ–∫—Ä–µ—Ç–∞—Ä—å –°–æ–≤–µ—Ç–∞ –Ω–∞—Ü–∏–æ–Ω–∞–ª—å–Ω–æ–π –±–µ–∑–æ–ø–∞—Å–Ω–æ—Å—Ç–∏ (–°–ù–ë–û) –£–∫—Ä–∞–∏–Ω—ã –ê–ª–µ–∫—Å–µ–π –î–∞–Ω–∏–ª–æ–≤ –∑–∞—è–≤–∏–ª, —á—Ç–æ –∑–∞–ø–ª–∞–Ω–∏—Ä–æ–≤–∞–Ω–Ω–æ–µ –Ω–∞—Å—Ç—É–ø–ª–µ–Ω–∏–µ –µ—â–µ –Ω–µ –Ω–∞—á–∏–Ω–∞–ª–æ—Å—å. **

""–ö–æ–≥–¥–∞ –º—ã –Ω–∞—á–Ω–µ–º –∫–æ–Ω—Ç—Ä–Ω–∞—Å—Ç—É–ø–ª–µ–Ω–∏–µ, –≤—Å–µ –æ–± —ç—Ç–æ–º —É–∑–Ω–∞—é—Ç, –æ–Ω–∏ —É–≤–∏–¥—è—Ç –µ–≥–æ"", —Å–∫–∞–∑–∞–ª –î–∞–Ω–∏–ª–æ–≤ –∞–≥–µ–Ω—Ç—Å—Ç–≤—É Reuters.",2023-06-07 13:36:08,,-1001394050290,"**‚ùóÔ∏è–°–µ–∫—Ä–µ—Ç–∞—Ä—å –°–æ–≤–µ—Ç–∞ –Ω–∞—Ü–∏–æ–Ω–∞–ª—å–Ω–æ–π –±–µ–∑–æ–ø–∞—Å–Ω–æ—Å—Ç–∏ (–°–ù–ë–û) –£–∫—Ä–∞–∏–Ω—ã –ê–ª–µ–∫—Å–µ–π –î–∞–Ω–∏–ª–æ–≤ –∑–∞—è–≤–∏–ª, —á—Ç–æ –∑–∞–ø–ª–∞–Ω–∏—Ä–æ–≤–∞–Ω–Ω–æ–µ –Ω–∞—Å—Ç—É–ø–ª–µ–Ω–∏–µ –µ—â–µ –Ω–µ –Ω–∞—á–∏–Ω–∞–ª–æ—Å—å",,,
45,157336,"‚ùóÔ∏è–ö–æ–º–∞–Ω–¥–∞ —É—á–µ–Ω—ã—Ö –∏–∑ –ü–æ–ª–∏—Ç–µ—Ö–Ω–∏—á–µ—Å–∫–æ–≥–æ –∏–Ω—Å—Ç–∏—Ç—É—Ç–∞ –í–∏—Ä–¥–∂–∏–Ω–∏–∏ –æ–±–Ω–∞—Ä—É–∂–∏–ª–∞ —Å–ø–æ—Å–æ–±–Ω–æ—Å—Ç—å –∫—Ä–æ–∫–æ–¥–∏–ª–æ–≤ –∫ —Ç–∞–∫ –Ω–∞–∑—ã–≤–∞–µ–º–æ–º—É **""–æ–¥–Ω–æ–ø–æ–ª–æ–º—É —Ä–∞–∑–º–Ω–æ–∂–µ–Ω–∏—é"" **–ø–æ—Å–ª–µ —Ç–æ–≥–æ, –∫–∞–∫ —Å–∞–º–∫–∞ –∫—Ä–æ–∫–æ–¥–∏–ª–∞ –≤ –∑–æ–æ–ø–∞—Ä–∫–µ –ö–æ—Å—Ç–∞-–†–∏–∫–∏ –¥–∞–ª–∞ –ø–æ—Ç–æ–º—Å—Ç–≤–æ, –Ω–µ—Å–º–æ—Ç—Ä—è –Ω–∞ –æ—Ç—Å—É—Ç—Å—Ç–≤–∏–µ —Å–∞–º—Ü–∞ –Ω–∞ –ø—Ä–æ—Ç—è–∂–µ–Ω–∏–∏ 16 –ª–µ—Ç, —Å–æ–æ–±—â–∞–µ—Ç –∞–º–µ—Ä–∏–∫–∞–Ω—Å–∫–æ–µ –∏–∑–¥–∞–Ω–∏–µ New York Times —Å–æ —Å—Å—ã–ª–∫–æ–π –Ω–∞ –∏—Å—Å–ª–µ–¥–æ–≤–∞–Ω–∏–µ.",2023-06-07 13:57:06,,-1001394050290,"‚ùóÔ∏è–ö–æ–º–∞–Ω–¥–∞ —É—á–µ–Ω—ã—Ö –∏–∑ –ü–æ–ª–∏—Ç–µ—Ö–Ω–∏—á–µ—Å–∫–æ–≥–æ –∏–Ω—Å—Ç–∏—Ç—É—Ç–∞ –í–∏—Ä–¥–∂–∏–Ω–∏–∏ –æ–±–Ω–∞—Ä—É–∂–∏–ª–∞ —Å–ø–æ—Å–æ–±–Ω–æ—Å—Ç—å –∫—Ä–æ–∫–æ–¥–∏–ª–æ–≤ –∫ —Ç–∞–∫ –Ω–∞–∑—ã–≤–∞–µ–º–æ–º—É **""–æ–¥–Ω–æ–ø–æ–ª–æ–º—É —Ä–∞–∑–º–Ω–æ–∂–µ–Ω–∏—é"" **–ø–æ—Å–ª–µ —Ç–æ–≥–æ, –∫–∞–∫ —Å–∞–º–∫–∞ –∫—Ä–æ–∫–æ–¥–∏–ª–∞ –≤ –∑–æ–æ–ø–∞—Ä–∫–µ –ö–æ—Å—Ç–∞-–†–∏–∫–∏ –¥–∞–ª–∞ –ø–æ—Ç–æ–º—Å—Ç–≤–æ, –Ω–µ—Å–º–æ—Ç—Ä—è –Ω–∞ –æ—Ç—Å—É—Ç—Å—Ç–≤–∏–µ —Å–∞–º—Ü–∞ –Ω–∞ –ø—Ä–æ—Ç—è–∂–µ–Ω–∏–∏ 16 –ª–µ—Ç, —Å–æ–æ–±—â–∞–µ—Ç –∞–º–µ—Ä–∏–∫–∞–Ω—Å–∫–æ–µ –∏–∑–¥–∞–Ω–∏–µ New York Times —Å–æ —Å—Å—ã–ª–∫–æ–π –Ω–∞ –∏—Å—Å–ª–µ–¥–æ–≤–∞–Ω–∏–µ.",,,
46,157337,"–î–µ—Ñ–∏—Ü–∏—Ç–∞ —Ä—ã–±—ã –≤ –†–§ –Ω–µ—Ç, –Ω–µ –±—ã–ª–æ –∏ –Ω–µ –±—É–¥–µ—Ç ‚Äî –≥–ª–∞–≤–∞ –†–æ—Å—Ä—ã–±–æ–ª–æ–≤—Å—Ç–≤–∞",2023-06-07 14:05:23,,-1001394050290,"–î–µ—Ñ–∏—Ü–∏—Ç–∞ —Ä—ã–±—ã –≤ –†–§ –Ω–µ—Ç, –Ω–µ –±—ã–ª–æ –∏ –Ω–µ –±—É–¥–µ—Ç ‚Äî –≥–ª–∞–≤–∞ –†–æ—Å—Ä—ã–±–æ–ª–æ–≤—Å—Ç–≤–∞",,,
47,18943,"üöå **–ó–∞ –ø–µ—Ä–≤—ã–π –º–µ—Å—è—Ü —Ä–∞–±–æ—Ç—ã –Ω–∞ –Ω–æ–≤—ã—Ö –º–∞—Ä—à—Ä—É—Ç–∞—Ö –≤ –ô–æ—à–∫–∞—Ä-–û–ª–µ –≤–æ–¥–∏—Ç–µ–ª–∏ –∑–∞—Ä–∞–±–æ—Ç–∞–ª–∏ –±–æ–ª–µ–µ 50 —Ç—ã—Å—è—á —Ä—É–±–ª–µ–π.**

–î–ª—è –∑–∞–ø—É—Å–∫–∞ –≤—Å–µ–≥–æ –∑–∞–∫—É–ø–ª–µ–Ω–Ω–æ–≥–æ —Ç—Ä–∞–Ω—Å–ø–æ—Ä—Ç–∞ —Ç—Ä–µ–±—É—é—Ç—Å—è –¥–æ–ø–æ–ª–Ω–∏—Ç–µ–ª—å–Ω—ã–µ –≤–æ–¥–∏—Ç–µ–ª–∏. –ú–ü ¬´–¢—Ä–æ–ª–ª–µ–π–±—É—Å–Ω—ã–π —Ç—Ä–∞–Ω—Å–ø–æ—Ä—Ç¬ª –ø—Ä–æ–¥–æ–ª–∂–∞–µ—Ç –Ω–∞–±–æ—Ä —Å–æ—Ç—Ä—É–¥–Ω–∏–∫–æ–≤. –ü—Ä–µ–¥–ø—Ä–∏—è—Ç–∏–µ –≥–æ—Ç–æ–≤–æ –æ–±—É—á–∏—Ç—å –∂–µ–ª–∞—é—â–∏—Ö –∫–∞—Ç–µ–≥–æ—Ä–∏–∏ D –∑–∞ —Å–≤–æ–π —Å—á–µ—Ç, —Å–æ–æ–±—â–∞–µ—Ç —Å—Ç–æ–ª–∏—á–Ω–∞—è –∞–¥–º–∏–Ω–∏—Å—Ç—Ä–∞—Ü–∏—è.

–ó–∞ –ø–µ—Ä–≤—ã–π –º–µ—Å—è—Ü —Ä–∞–±–æ—Ç—ã –Ω–∞ –Ω–æ–≤—ã—Ö –º–∞—Ä—à—Ä—É—Ç–∞—Ö –≤ –ô–æ—à–∫–∞—Ä-–û–ª–µ –≤–æ–¥–∏—Ç–µ–ª–∏ –∑–∞—Ä–∞–±–æ—Ç–∞–ª–∏ –±–æ–ª–µ–µ 50 —Ç—ã—Å—è—á —Ä—É–±–ª–µ–π.

–î–ª—è –∑–∞–ø—É—Å–∫–∞ –≤—Å–µ–≥–æ –∑–∞–∫—É–ø–ª–µ–Ω–Ω–æ–≥–æ —Ç—Ä–∞–Ω—Å–ø–æ—Ä—Ç–∞ —Ç—Ä–µ–±—É—é—Ç—Å—è –¥–æ–ø–æ–ª–Ω–∏—Ç–µ–ª—å–Ω—ã–µ –≤–æ–¥–∏—Ç–µ–ª–∏. –ú–ü ¬´–¢—Ä–æ–ª–ª–µ–π–±—É—Å–Ω—ã–π —Ç—Ä–∞–Ω—Å–ø–æ—Ä—Ç¬ª –ø—Ä–æ–¥–æ–ª–∂–∞–µ—Ç –Ω–∞–±–æ—Ä —Å–æ—Ç—Ä—É–¥–Ω–∏–∫–æ–≤. –ü—Ä–µ–¥–ø—Ä–∏—è—Ç–∏–µ –≥–æ—Ç–æ–≤–æ –æ–±—É—á–∏—Ç—å –∂–µ–ª–∞—é—â–∏—Ö –∫–∞—Ç–µ–≥–æ—Ä–∏–∏ D –∑–∞ —Å–≤–æ–π —Å—á–µ—Ç, —Å–æ–æ–±—â–∞–µ—Ç —Å—Ç–æ–ª–∏—á–Ω–∞—è –∞–¥–º–∏–Ω–∏—Å—Ç—Ä–∞—Ü–∏—è.",2023-06-07 14:05:36,,-1001098860759,üöå **–ó–∞ –ø–µ—Ä–≤—ã–π –º–µ—Å—è—Ü —Ä–∞–±–æ—Ç—ã –Ω–∞ –Ω–æ–≤—ã—Ö –º–∞—Ä—à—Ä—É—Ç–∞—Ö –≤ –ô–æ—à–∫–∞—Ä-–û–ª–µ –≤–æ–¥–∏—Ç–µ–ª–∏ –∑–∞—Ä–∞–±–æ—Ç–∞–ª–∏ –±–æ–ª–µ–µ 50 —Ç—ã—Å—è—á —Ä—É–±–ª–µ–π,,,
49,157338,‚ö°Ô∏è–†–æ—Å—Å–∏—è –±—É–¥–µ—Ç –ø—Ä–µ–¥–µ–ª—å–Ω–æ –∂–µ—Å—Ç–∫–æ –æ—Ç–≤–µ—á–∞—Ç—å –Ω–∞ –ª—é–±—ã–µ –∞—Ç–∞–∫–∏ –ö–∏–µ–≤–∞ –Ω–∞ –ó–∞–ø–æ—Ä–æ–∂—Å–∫—É—é –ê–≠–° ‚Äì –ú–ò–î –†–§,2023-06-07 14:07:47,,-1001394050290,‚ö°Ô∏è–†–æ—Å—Å–∏—è –±—É–¥–µ—Ç –ø—Ä–µ–¥–µ–ª—å–Ω–æ –∂–µ—Å—Ç–∫–æ –æ—Ç–≤–µ—á–∞—Ç—å –Ω–∞ –ª—é–±—ã–µ –∞—Ç–∞–∫–∏ –ö–∏–µ–≤–∞ –Ω–∞ –ó–∞–ø–æ—Ä–æ–∂—Å–∫—É—é –ê–≠–° ‚Äì –ú–ò–î –†–§,,,
50,157339,"‚ùóÔ∏è–ü—É—Ç–∏–Ω –∏ –ø—Ä–µ–∑–∏–¥–µ–Ω—Ç –Æ–ê–† –æ–±—Å—É–¥–∏–ª–∏ –∞—Ñ—Ä–∏–∫–∞–Ω—Å–∫—É—é –∏–Ω–∏—Ü–∏–∞—Ç–∏–≤—É –ø–æ —É—Ä–µ–≥—É–ª–∏—Ä–æ–≤–∞–Ω–∏—é –Ω–∞ –£–∫—Ä–∞–∏–Ω–µ, —É—Å–ª–æ–≤–∏–ª–∏—Å—å, —á—Ç–æ –ø—Ä–µ–∑–∏–¥–µ–Ω—Ç –†–æ—Å—Å–∏–∏ –ø—Ä–∏–º–µ—Ç –≤ –±–ª–∏–∂–∞–π—à–µ–µ –≤—Ä–µ–º—è –¥–µ–ª–µ–≥–∞—Ü–∏—é —Ä—è–¥–∞ –≥–ª–∞–≤ –≥–æ—Å—É–¥–∞—Ä—Å—Ç–≤ –ê—Ñ—Ä–∏–∫–∏ ‚Äî –ö—Ä–µ–º–ª—å",2023-06-07 14:09:29,,-1001394050290,"‚ùóÔ∏è–ü—É—Ç–∏–Ω –∏ –ø—Ä–µ–∑–∏–¥–µ–Ω—Ç –Æ–ê–† –æ–±—Å—É–¥–∏–ª–∏ –∞—Ñ—Ä–∏–∫–∞–Ω—Å–∫—É—é –∏–Ω–∏—Ü–∏–∞—Ç–∏–≤—É –ø–æ —É—Ä–µ–≥—É–ª–∏—Ä–æ–≤–∞–Ω–∏—é –Ω–∞ –£–∫—Ä–∞–∏–Ω–µ, —É—Å–ª–æ–≤–∏–ª–∏—Å—å, —á—Ç–æ –ø—Ä–µ–∑–∏–¥–µ–Ω—Ç –†–æ—Å—Å–∏–∏ –ø—Ä–∏–º–µ—Ç –≤ –±–ª–∏–∂–∞–π—à–µ–µ –≤—Ä–µ–º—è –¥–µ–ª–µ–≥–∞—Ü–∏—é —Ä—è–¥–∞ –≥–ª–∞–≤ –≥–æ—Å—É–¥–∞—Ä—Å—Ç–≤ –ê—Ñ—Ä–∏–∫–∏ ‚Äî –ö—Ä–µ–º–ª—å",,,
51,157340,"‚ùóÔ∏è–ü–∞—Å—Å–∞–∂–∏—Ä—ã —Å–∞–º–æ–ª–µ—Ç–∞, –ª–µ—Ç–µ–≤—à–µ–≥–æ –∏–∑¬†–î–µ–ª–∏ –≤¬†–°–∞–Ω-–§—Ä–∞–Ω—Ü–∏—Å–∫–æ –∏¬†—Å–æ–≤–µ—Ä—à–∏–≤—à–µ–≥–æ —ç–∫—Å—Ç—Ä–µ–Ω–Ω—É—é –ø–æ—Å–∞–¥–∫—É –≤¬†–ú–∞–≥–∞–¥–∞–Ω–µ, –ø–æ–∂–∞–ª–æ–≤–∞–ª–∏—Å—å, —á—Ç–æ –Ω–µ¬†–º–æ–≥—É—Ç –≤–æ—Å–ø–æ–ª—å–∑–æ–≤–∞—Ç—å—Å—è –∫—Ä–µ–¥–∏—Ç–Ω—ã–º–∏ –∫–∞—Ä—Ç–∞–º–∏, **–æ–Ω–∏ –ø—Ä–æ—Å—Ç–æ –Ω–µ¬†—Ä–∞–±–æ—Ç–∞—é—Ç –≤¬†–†–æ—Å—Å–∏–∏**¬†‚Äî Al¬†Jazeera",2023-06-07 14:15:23,,-1001394050290,"‚ùóÔ∏è–ü–∞—Å—Å–∞–∂–∏—Ä—ã —Å–∞–º–æ–ª–µ—Ç–∞, –ª–µ—Ç–µ–≤—à–µ–≥–æ –∏–∑¬†–î–µ–ª–∏ –≤¬†–°–∞–Ω-–§—Ä–∞–Ω—Ü–∏—Å–∫–æ –∏¬†—Å–æ–≤–µ—Ä—à–∏–≤—à–µ–≥–æ —ç–∫—Å—Ç—Ä–µ–Ω–Ω—É—é –ø–æ—Å–∞–¥–∫—É –≤¬†–ú–∞–≥–∞–¥–∞–Ω–µ, –ø–æ–∂–∞–ª–æ–≤–∞–ª–∏—Å—å, —á—Ç–æ –Ω–µ¬†–º–æ–≥—É—Ç –≤–æ—Å–ø–æ–ª—å–∑–æ–≤–∞—Ç—å—Å—è –∫—Ä–µ–¥–∏—Ç–Ω—ã–º–∏ –∫–∞—Ä—Ç–∞–º–∏, **–æ–Ω–∏ –ø—Ä–æ—Å—Ç–æ –Ω–µ¬†—Ä–∞–±–æ—Ç–∞—é—Ç –≤¬†–†–æ—Å—Å–∏–∏**¬†‚Äî Al¬†Jazeera",,,
52,157341,"‚ùóÔ∏è""–°–ø—Ä–∞–≤–µ–¥–ª–∏–≤–∞—è –†–æ—Å—Å–∏—è - –ó–∞ –ø—Ä–∞–≤–¥—É"" –≥–æ—Ç–æ–≤–∏—Ç –ø–æ–ø—Ä–∞–≤–∫–∏ –æ –ø—Ä–∞–≤–µ –ø–æ–¥—Ä–∞–∑–¥–µ–ª–µ–Ω–∏–π —Ç–µ—Ä—Ä–∏—Ç–æ—Ä–∏–∞–ª—å–Ω–æ–π –æ–±–æ—Ä–æ–Ω—ã –∏—Å–ø–æ–ª—å–∑–æ–≤–∞—Ç—å —Å—Ç—Ä–µ–ª–∫–æ–≤–æ–µ –æ—Ä—É–∂–∏–µ ‚Äî –ú–∏—Ä–æ–Ω–æ–≤",2023-06-07 14:20:05,,-1001394050290,"‚ùóÔ∏è""–°–ø—Ä–∞–≤–µ–¥–ª–∏–≤–∞—è –†–æ—Å—Å–∏—è - –ó–∞ –ø—Ä–∞–≤–¥—É"" –≥–æ—Ç–æ–≤–∏—Ç –ø–æ–ø—Ä–∞–≤–∫–∏ –æ –ø—Ä–∞–≤–µ –ø–æ–¥—Ä–∞–∑–¥–µ–ª–µ–Ω–∏–π —Ç–µ—Ä—Ä–∏—Ç–æ—Ä–∏–∞–ª—å–Ω–æ–π –æ–±–æ—Ä–æ–Ω—ã –∏—Å–ø–æ–ª—å–∑–æ–≤–∞—Ç—å —Å—Ç—Ä–µ–ª–∫–æ–≤–æ–µ –æ—Ä—É–∂–∏–µ ‚Äî –ú–∏—Ä–æ–Ω–æ–≤",,,
53,157342,"**–í–ª–∞—Å—Ç–∏ –ù—å—é-–ô–æ—Ä–∫–∞ –ø—Ä–∏–∑–≤–∞–ª–∏ –Ω–∞—Ö–æ–¥—è—â–∏—Ö—Å—è –≤ –∑–æ–Ω–µ —Ä–∏—Å–∫–∞ –∂–∏—Ç–µ–ª–µ–π –Ω–æ—Å–∏—Ç—å –Ω–∞ —É–ª–∏—Ü–µ –º–∞—Å–∫–∏ –≤ —Å–≤—è–∑–∏ —Å –¥—ã–º–æ–º –æ—Ç –ª–µ—Å–Ω—ã—Ö –ø–æ–∂–∞—Ä–æ–≤, –æ–∫—É—Ç–∞–≤—à–∏–º –≥–æ—Ä–æ–¥, –≥–æ–≤–æ—Ä–∏—Ç—Å—è –≤ –∑–∞—è–≤–ª–µ–Ω–∏–∏, –æ–ø—É–±–ª–∏–∫–æ–≤–∞–Ω–Ω–æ–º –Ω–∞ —Å–∞–π—Ç–µ –æ—Ñ–∏—Å–∞ –º—ç—Ä–∞ –≥–æ—Ä–æ–¥–∞ –≠—Ä–∏–∫–∞ –ê–¥–∞–º—Å–∞. 

**–ö–∞–∫ —Å–æ–æ–±—â–∞–µ—Ç –≥–∞–∑–µ—Ç–∞ Washington Post, —ç—Ç–æ –ø—Ä–æ–∏–∑–æ—à–ª–æ –≤–ø–µ—Ä–≤—ã–µ –∑–∞ –º–Ω–æ–≥–∏–µ –≥–æ–¥—ã –∏–∑-–∑–∞ –ª–µ—Å–Ω—ã—Ö –ø–æ–∂–∞—Ä–æ–≤ –≤ –ö–∞–Ω–∞–¥–µ. –í —Å—Ä–µ–¥—É —É—Ç—Ä–æ–º –∫–∞—á–µ—Å—Ç–≤–æ –≤–æ–∑–¥—É—Ö–∞ –≤ –≥–æ—Ä–æ–¥–µ –±—ã–ª–æ –ø—Ä–∏–∑–Ω–∞–Ω–æ [–æ—á–µ–Ω—å –≤—Ä–µ–¥–Ω—ã–º –¥–ª—è –∑–¥–æ—Ä–æ–≤—å—è.](https://t.me/navideovidno/62235)",2023-06-07 14:45:28,,-1001394050290,"**–í–ª–∞—Å—Ç–∏ –ù—å—é-–ô–æ—Ä–∫–∞ –ø—Ä–∏–∑–≤–∞–ª–∏ –Ω–∞—Ö–æ–¥—è—â–∏—Ö—Å—è –≤ –∑–æ–Ω–µ —Ä–∏—Å–∫–∞ –∂–∏—Ç–µ–ª–µ–π –Ω–æ—Å–∏—Ç—å –Ω–∞ —É–ª–∏—Ü–µ –º–∞—Å–∫–∏ –≤ —Å–≤—è–∑–∏ —Å –¥—ã–º–æ–º –æ—Ç –ª–µ—Å–Ω—ã—Ö –ø–æ–∂–∞—Ä–æ–≤, –æ–∫—É—Ç–∞–≤—à–∏–º –≥–æ—Ä–æ–¥, –≥–æ–≤–æ—Ä–∏—Ç—Å—è –≤ –∑–∞—è–≤–ª–µ–Ω–∏–∏, –æ–ø—É–±–ª–∏–∫–æ–≤–∞–Ω–Ω–æ–º –Ω–∞ —Å–∞–π—Ç–µ –æ—Ñ–∏—Å–∞ –º—ç—Ä–∞ –≥–æ—Ä–æ–¥–∞ –≠—Ä–∏–∫–∞ –ê–¥–∞–º—Å–∞",,,
54,157343,"–õ–µ—Ç–æ –≤ –ú–æ—Å–∫–≤–µ –±—É–¥–µ—Ç ""—Ä–∞—Å–∫–∞—á–∏–≤–∞—Ç—å—Å—è"" –ø–æ—á—Ç–∏ –≤–µ—Å—å –∏—é–Ω—å, –∫—É–ø–∞–ª—å–Ω—ã–π —Å–µ–∑–æ–Ω –±—É–¥–µ—Ç –æ—Ç–ª–æ–∂–µ–Ω –Ω–∞ –≤—Ç–æ—Ä—É—é –ø–æ–ª–æ–≤–∏–Ω—É –º–µ—Å—è—Ü–∞, –∞ –Ω–∞—Å—Ç–æ—è—â–∞—è –∂–∞—Ä–∞ –Ω–∞—Å—Ç—É–ø–∏—Ç —Ç–æ–ª—å–∫–æ –≤ –∏—é–ª–µ, —Å–æ–æ–±—â–∏–ª –†–ò–ê –ù–æ–≤–æ—Å—Ç–∏ –≤–µ–¥—É—â–∏–π —Å–ø–µ—Ü–∏–∞–ª–∏—Å—Ç —Ü–µ–Ω—Ç—Ä–∞ –ø–æ–≥–æ–¥—ã ""–§–æ–±–æ—Å"" –ï–≤–≥–µ–Ω–∏–π –¢–∏—à–∫–æ–≤–µ—Ü.",2023-06-07 15:01:22,,-1001394050290,"–õ–µ—Ç–æ –≤ –ú–æ—Å–∫–≤–µ –±—É–¥–µ—Ç ""—Ä–∞—Å–∫–∞—á–∏–≤–∞—Ç—å—Å—è"" –ø–æ—á—Ç–∏ –≤–µ—Å—å –∏—é–Ω—å, –∫—É–ø–∞–ª—å–Ω—ã–π —Å–µ–∑–æ–Ω –±—É–¥–µ—Ç –æ—Ç–ª–æ–∂–µ–Ω –Ω–∞ –≤—Ç–æ—Ä—É—é –ø–æ–ª–æ–≤–∏–Ω—É –º–µ—Å—è—Ü–∞, –∞ –Ω–∞—Å—Ç–æ—è—â–∞—è –∂–∞—Ä–∞ –Ω–∞—Å—Ç—É–ø–∏—Ç —Ç–æ–ª—å–∫–æ –≤ –∏—é–ª–µ, —Å–æ–æ–±—â–∏–ª –†–ò–ê –ù–æ–≤–æ—Å—Ç–∏ –≤–µ–¥—É—â–∏–π —Å–ø–µ—Ü–∏–∞–ª–∏—Å—Ç —Ü–µ–Ω—Ç—Ä–∞ –ø–æ–≥–æ–¥—ã ""–§–æ–±–æ—Å"" –ï–≤–≥–µ–Ω–∏–π –¢–∏—à–∫–æ–≤–µ—Ü.",,,
55,18944,"**–ó–∞ –ø—Ä–æ—à–µ–¥—à–∏–π –º–µ—Å—è—Ü —Å–ø–µ—Ü–∏–∞–ª–∏—Å—Ç—ã –¶–£–† –≤ —Å–∏—Å—Ç–µ–º–µ ¬´–ò–Ω—Ü–∏–¥–µ–Ω—Ç –ú–µ–Ω–µ–¥–∂–º–µ–Ω—Ç¬ª –ø–æ–ª—É—á–∏–ª–∏ –∏ –æ–±—Ä–∞–±–æ—Ç–∞–ª–∏ 3726 —Å–æ–æ–±—â–µ–Ω–∏–π –∂–∏—Ç–µ–ª–µ–π –ú–∞—Ä–∏–π –≠–ª.**

–ß–∞—â–µ –≤—Å–µ–≥–æ –≥—Ä–∞–∂–¥–∞–Ω–µ –∏–Ω—Ç–µ—Ä–µ—Å–æ–≤–∞–ª–∏—Å—å –≤–æ–ø—Ä–æ—Å–∞–º–∏ –æ–±—â–µ—Å—Ç–≤–µ–Ω–Ω–æ–≥–æ —Ç—Ä–∞–Ω—Å–ø–æ—Ä—Ç–∞ - –±–æ–ª–µ–µ —Ç—ã—Å—è—á–∏ –æ–±—Ä–∞—â–µ–Ω–∏–π. –î–∞–ª–µ–µ –ø–æ –ø–æ–ø—É–ª—è—Ä–Ω–æ—Å—Ç–∏ –∏–¥–µ—Ç —Ç–µ–º–∞ –¥–æ—Ä–æ–≥ –∏ –±–ª–∞–≥–æ—É—Å—Ç—Ä–æ–π—Å—Ç–≤–∞ - 728 –∏ 603 —Å–æ–æ–±—â–µ–Ω–∏—è —Å–æ–æ—Ç–≤–µ—Ç—Å—Ç–≤–µ–Ω–Ω–æ. –†–µ–∂–µ –æ–±—Ä–∞—â–∞–ª–∏—Å—å –ø–æ —Ç–µ–º–∞–º –ñ–ö–• –∏ —Å–æ—Ü–ø–æ–¥–¥–µ—Ä–∂–∫–∏ - –≤ —Å—É–º–º–µ —á—É—Ç—å –±–æ–ª–µ–µ 400 –∫–æ–º–º–µ–Ω—Ç–∞—Ä–∏–µ–≤.

–ê–¥–º–∏–Ω–∏—Å—Ç—Ä–∞—Ü–∏—è –ô–æ—à–∫–∞—Ä-–û–ª—ã –ø–æ–ª—É—á–∏–ª–∞ –±–æ–ª—å—à–µ –≤—Å–µ–≥–æ —Å–æ–æ–±—â–µ–Ω–∏–π - 1217. –° –Ω–µ–±–æ–ª—å—à–∏–º –æ—Ç—Ä—ã–≤–æ–º –∑–∞ –Ω–µ–π —Å–ª–µ–¥—É–µ—Ç —Ä–µ–≥–∏–æ–Ω–∞–ª—å–Ω—ã–π –ú–∏–Ω—Ç—Ä–∞–Ω—Å (986), –∞ –Ω–∞ —Ç—Ä–µ—Ç—å–µ–º –º–µ—Å—Ç–µ –æ–∫–∞–∑–∞–ª–∞—Å—å –º—ç—Ä–∏—è –í–æ–ª–∂—Å–∫–∞, –∫ –∫–æ—Ç–æ—Ä–æ–π –æ–±—Ä–∞—Ç–∏–ª–∏—Å—å 217 —Ä–∞–∑.",2023-06-07 15:02:30,,-1001098860759,**–ó–∞ –ø—Ä–æ—à–µ–¥—à–∏–π –º–µ—Å—è—Ü —Å–ø–µ—Ü–∏–∞–ª–∏—Å—Ç—ã –¶–£–† –≤ —Å–∏—Å—Ç–µ–º–µ ¬´–ò–Ω—Ü–∏–¥–µ–Ω—Ç –ú–µ–Ω–µ–¥–∂–º–µ–Ω—Ç¬ª –ø–æ–ª—É—á–∏–ª–∏ –∏ –æ–±—Ä–∞–±–æ—Ç–∞–ª–∏ 3726 —Å–æ–æ–±—â–µ–Ω–∏–π –∂–∏—Ç–µ–ª–µ–π –ú–∞—Ä–∏–π –≠–ª,,,
56,157344,"**‚ùóÔ∏è–í –ù–∏–∫–æ–ª–∞–µ–≤–µ –Ω–∞ –£–∫—Ä–∞–∏–Ω–µ –±—ã—Å—Ç—Ä–æ –ø–æ–≤—ã—à–∞–µ—Ç—Å—è —É—Ä–æ–≤–µ–Ω—å –≤–æ–¥—ã –ø–æ—Å–ª–µ —Ä–∞–∑—Ä—É—à–µ–Ω–∏—è –ö–∞—Ö–æ–≤—Å–∫–æ–π –≥–∏–¥—Ä–æ—ç–ª–µ–∫—Ç—Ä–æ—Å—Ç–∞–Ω—Ü–∏–∏, —Å–æ–æ–±—â–∏–ª–æ —É–∫—Ä–∞–∏–Ω—Å–∫–æ–µ –∏–∑–¥–∞–Ω–∏–µ ""–°—Ç—Ä–∞–Ω–∞"". **

–°–æ–æ–±—â–∞–µ—Ç—Å—è, —á—Ç–æ —É—Ä–æ–≤–µ–Ω—å –≤–æ–¥—ã –ø–æ–≤—ã—à–∞–µ—Ç—Å—è –∫–∞–∂–¥—ã–π —á–∞—Å. –ö–∞–∫ –∑–∞—è–≤–∏–ª –º—ç—Ä –≥–æ—Ä–æ–¥–∞ –ê–ª–µ–∫—Å–∞–Ω–¥—Ä –°–∏–Ω–∫–µ–≤–∏—á, –ø–æ —Å–æ—Å—Ç–æ—è–Ω–∏—é –Ω–∞ 15.00 —É—Ä–æ–≤–µ–Ω—å –≤–æ–¥—ã –≤ –∞–∫–≤–∞—Ç–æ—Ä–∏–∏ –ù–∏–∫–æ–ª–∞–µ–≤–∞ –≤ —Ü–µ–ª–æ–º –ø–æ–¥–Ω—è–ª—Å—è –Ω–∞ 77 —Å–∞–Ω—Ç–∏–º–µ—Ç—Ä–æ–≤.",2023-06-07 15:12:45,,-1001394050290,"**‚ùóÔ∏è–í –ù–∏–∫–æ–ª–∞–µ–≤–µ –Ω–∞ –£–∫—Ä–∞–∏–Ω–µ –±—ã—Å—Ç—Ä–æ –ø–æ–≤—ã—à–∞–µ—Ç—Å—è —É—Ä–æ–≤–µ–Ω—å –≤–æ–¥—ã –ø–æ—Å–ª–µ —Ä–∞–∑—Ä—É—à–µ–Ω–∏—è –ö–∞—Ö–æ–≤—Å–∫–æ–π –≥–∏–¥—Ä–æ—ç–ª–µ–∫—Ç—Ä–æ—Å—Ç–∞–Ω—Ü–∏–∏, —Å–æ–æ–±—â–∏–ª–æ —É–∫—Ä–∞–∏–Ω—Å–∫–æ–µ –∏–∑–¥–∞–Ω–∏–µ ""–°—Ç—Ä–∞–Ω–∞""",,,
57,157345,‚ö°Ô∏è–õ—É–∫–∞—à–µ–Ω–∫–æ –ø–æ–º–∏–ª–æ–≤–∞–ª —Ä–æ—Å—Å–∏—è–Ω–∫—É –°–æ—Ñ—å—é –°–∞–ø–µ–≥—É ‚Äî  –ë–ï–õ–¢–ê,2023-06-07 15:13:01,,-1001394050290,‚ö°Ô∏è–õ—É–∫–∞—à–µ–Ω–∫–æ –ø–æ–º–∏–ª–æ–≤–∞–ª —Ä–æ—Å—Å–∏—è–Ω–∫—É –°–æ—Ñ—å—é –°–∞–ø–µ–≥—É ‚Äî  –ë–ï–õ–¢–ê,,,
58,157346,"**‚ö°Ô∏è–ü–æ–º–∏–ª–æ–≤–∞–Ω–Ω—É—é –ü—Ä–µ–∑–∏–¥–µ–Ω—Ç–æ–º –ë–µ–ª–∞—Ä—É—Å–∏ –ê–ª–µ–∫—Å–∞–Ω–¥—Ä–æ–º –õ—É–∫–∞—à–µ–Ω–∫–æ –°–æ—Ñ—å—é –°–∞–ø–µ–≥—É –ø–µ—Ä–µ–¥–∞–ª–∏ 7 –∏—é–Ω—è –¥–µ–ª–µ–≥–∞—Ü–∏–∏ –ü—Ä–∏–º–æ—Ä—Å–∫–æ–≥–æ –∫—Ä–∞—è, –≤–æ–∑–≥–ª–∞–≤–ª—è–µ–º–æ–π –≥—É–±–µ—Ä–Ω–∞—Ç–æ—Ä–æ–º –û–ª–µ–≥–æ–º –ö–æ–∂–µ–º—è–∫–æ**

""–ü–æ –Ω–∞—à–µ–º—É –æ–±—Ä–∞—â–µ–Ω–∏—é –≤—á–µ—Ä–∞ –ê–ª–µ–∫—Å–∞–Ω–¥—Ä –ì—Ä–∏–≥–æ—Ä—å–µ–≤–∏—á –ø–æ–¥–ø–∏—Å–∞–ª —É–∫–∞–∑ –æ –ø–æ–º–∏–ª–æ–≤–∞–Ω–∏–∏. –î—É–º–∞—é, —á—Ç–æ —Ç–∞–∫–æ–π —à–∞–≥ –∏–º–µ–µ—Ç –∏ –¥–ª—è —Ç–µ–±—è –∑–Ω–∞—á–µ–Ω–∏–µ"", - –æ–±—Ä–∞—Ç–∏–ª—Å—è –∫ –ø–æ–º–∏–ª–æ–≤–∞–Ω–Ω–æ–π –û–ª–µ–≥ –ö–æ–∂–µ–º—è–∫–æ.

""–•–æ—á–µ—Ç—Å—è –ø–æ–±–ª–∞–≥–æ–¥–∞—Ä–∏—Ç—å –ü—Ä–µ–∑–∏–¥–µ–Ω—Ç–∞ –ê–ª–µ–∫—Å–∞–Ω–¥—Ä–∞ –ì—Ä–∏–≥–æ—Ä—å–µ–≤–∏—á–∞ –õ—É–∫–∞—à–µ–Ω–∫–æ –∑–∞ —Ç—É –≤–æ–∑–º–æ–∂–Ω–æ—Å—Ç—å, –∫–æ—Ç–æ—Ä—É—é –æ–Ω –º–Ω–µ –ø—Ä–µ–¥–æ—Å—Ç–∞–≤–∏–ª, –∑–∞ —Ç–æ—Ç –ø–æ–¥–∞—Ä–æ–∫ –Ω–µ —Ç–æ–ª—å–∫–æ –¥–ª—è –º–µ–Ω—è, –Ω–æ –∏ –¥–ª—è –≤—Å–µ–π –º–æ–µ–π —Å–µ–º—å–∏. –ó–∞ –≤–æ–∑–º–æ–∂–Ω–æ—Å—Ç—å –≤–µ—Ä–Ω—É—Ç—å—Å—è –¥–æ–º–æ–π, –∫ —Å–≤–æ–µ–π –º–∞–º–µ, –∫ —Å–≤–æ–µ–º—É –æ—Ç—Ü—É. –ó–∞ —Ç–æ, —á—Ç–æ –º–Ω–µ –±—ã–ª –¥–∞–Ω –≤—Ç–æ—Ä–æ–π —à–∞–Ω—Å. –û–Ω –¥–∞–Ω –±—ã–ª –¥–∞–ª–µ–∫–æ –Ω–µ –º–Ω–æ–≥–∏–º, –∞ –º–Ω–µ –¥–µ–π—Å—Ç–≤–∏—Ç–µ–ª—å–Ω–æ –æ—á–µ–Ω—å –ø–æ–≤–µ–∑–ª–æ"", - –ø–æ–¥–µ–ª–∏–ª–∞—Å—å –ø–µ—Ä–≤—ã–º–∏ —ç–º–æ—Ü–∏—è–º–∏ –°–æ—Ñ—å—è –°–∞–ø–µ–≥–∞.",2023-06-07 15:13:39,,-1001394050290,"**‚ö°Ô∏è–ü–æ–º–∏–ª–æ–≤–∞–Ω–Ω—É—é –ü—Ä–µ–∑–∏–¥–µ–Ω—Ç–æ–º –ë–µ–ª–∞—Ä—É—Å–∏ –ê–ª–µ–∫—Å–∞–Ω–¥—Ä–æ–º –õ—É–∫–∞—à–µ–Ω–∫–æ –°–æ—Ñ—å—é –°–∞–ø–µ–≥—É –ø–µ—Ä–µ–¥–∞–ª–∏ 7 –∏—é–Ω—è –¥–µ–ª–µ–≥–∞—Ü–∏–∏ –ü—Ä–∏–º–æ—Ä—Å–∫–æ–≥–æ –∫—Ä–∞—è, –≤–æ–∑–≥–ª–∞–≤–ª—è–µ–º–æ–π –≥—É–±–µ—Ä–Ω–∞—Ç–æ—Ä–æ–º –û–ª–µ–≥–æ–º –ö–æ–∂–µ–º—è–∫–æ**",,,
59,157347,"‚ö°Ô∏è–ì—É–±–µ—Ä–Ω–∞—Ç–æ—Ä –ü—Ä–∏–º–æ—Ä—å—è –ö–æ–∂–µ–º—è–∫–æ –≤—ã–∫–ª–∞–¥—ã–≤–∞–µ—Ç –∫–∞–¥—Ä—ã –æ—Å–≤–æ–±–æ–∂–¥–µ–Ω–∏—è –°–æ—Ñ—å–∏ –°–∞–ø–µ–≥–∏, –ø–æ–º–∏–ª–æ–≤–∞–Ω–Ω–æ–π –õ—É–∫–∞—à–µ–Ω–∫–æ",2023-06-07 15:15:11,,-1001394050290,"‚ö°Ô∏è–ì—É–±–µ—Ä–Ω–∞—Ç–æ—Ä –ü—Ä–∏–º–æ—Ä—å—è –ö–æ–∂–µ–º—è–∫–æ –≤—ã–∫–ª–∞–¥—ã–≤–∞–µ—Ç –∫–∞–¥—Ä—ã –æ—Å–≤–æ–±–æ–∂–¥–µ–Ω–∏—è –°–æ—Ñ—å–∏ –°–∞–ø–µ–≥–∏, –ø–æ–º–∏–ª–æ–≤–∞–Ω–Ω–æ–π –õ—É–∫–∞—à–µ–Ω–∫–æ",,,
61,4871,"–î—Ä—É–∑—å—è! –¢–æ—Ç —Å–±–æ—Ä —Ñ–æ–Ω–¥–∞ –ö–æ–º–∞–Ω–¥–∞-–ê, –æ –≤–∞–∂–Ω–æ—Å—Ç–∏ –∫–æ—Ç–æ—Ä–æ–≥–æ —è –≥–æ–≤–æ—Ä–∏–ª‚Ä¶
–ú—ã, –ö–°, –∫–∞–∫ –≤–æ–ª–æ–Ω—Ç–µ—Ä—ã —Ñ–æ–Ω–¥–∞, –æ—Ç–≤–µ—á–∞–µ–º –∑–∞ –∑–∞–ø—É—Å–∫ –æ–±—ä–µ–∫—Ç–∞ –∏ —Ç–µ—Ö–Ω–∏—á–µ—Å–∫—É—é —Å—Ç–æ—Ä–æ–Ω—É –µ–≥–æ —Ä–∞–±–æ—Ç—ã. 
–ë–µ–∑ –≤–∞—Å, –¥—Ä—É–∑—å—è, —Ç–∞–∫ –Ω—É–∂–Ω–æ–π —Ñ—Ä–æ–Ω—Ç—É —Ä–µ–º–±–∞–∑–µ –Ω–µ —Ä–∞–±–æ—Ç–∞—Ç—å.
–°–ø–∞—Å–∏–±–æ –≤—Å–µ–º, –∫—Ç–æ –ø–æ–º–æ–≥–∞–µ—Ç,–∞ –Ω–µ –≥–æ–≤–æ—Ä–∏—Ç.

https://t.me/bf_komanda_a/39",2023-06-07 15:21:20,,-1001797434593,"–î—Ä—É–∑—å—è! –¢–æ—Ç —Å–±–æ—Ä —Ñ–æ–Ω–¥–∞ –ö–æ–º–∞–Ω–¥–∞-–ê, –æ –≤–∞–∂–Ω–æ—Å—Ç–∏ –∫–æ—Ç–æ—Ä–æ–≥–æ —è –≥–æ–≤–æ—Ä–∏–ª‚Ä¶",,,
62,157348,"–ü–æ–∫–∞ –ø—Ä–µ–∂–¥–µ–≤—Ä–µ–º–µ–Ω–Ω–æ –≥–æ–≤–æ—Ä–∏—Ç—å –æ –≤–æ–∑–º–æ–∂–Ω–æ–º –∏—Å—Ö–æ–¥–µ —Å–∞–º–º–∏—Ç–∞ –ù–ê–¢–û –≤ –í–∏–ª—å–Ω—é—Å–µ –≤ –∏—é–ª–µ –æ—Ç–Ω–æ—Å–∏—Ç–µ–ª—å–Ω–æ –≤–æ–ø—Ä–æ—Å–∞ —á–ª–µ–Ω—Å—Ç–≤–∞ –£–∫—Ä–∞–∏–Ω—ã –≤ –∞–ª—å—è–Ω—Å–µ, –∑–∞—è–≤–∏–ª –≤ —Å—Ä–µ–¥—É –≥–µ–Ω—Å–µ–∫ –ù–ê–¢–û –ô–µ–Ω—Å –°—Ç–æ–ª—Ç–µ–Ω–±–µ—Ä–≥, –≤—ã—Å—Ç—É–ø–∞—è –≤ –¶–µ–Ω—Ç—Ä–µ –∑–∞ –Ω–æ–≤—É—é –∞–º–µ—Ä–∏–∫–∞–Ω—Å–∫—É—é –±–µ–∑–æ–ø–∞—Å–Ω–æ—Å—Ç—å.",2023-06-07 15:25:14,,-1001394050290,"–ü–æ–∫–∞ –ø—Ä–µ–∂–¥–µ–≤—Ä–µ–º–µ–Ω–Ω–æ –≥–æ–≤–æ—Ä–∏—Ç—å –æ –≤–æ–∑–º–æ–∂–Ω–æ–º –∏—Å—Ö–æ–¥–µ —Å–∞–º–º–∏—Ç–∞ –ù–ê–¢–û –≤ –í–∏–ª—å–Ω—é—Å–µ –≤ –∏—é–ª–µ –æ—Ç–Ω–æ—Å–∏—Ç–µ–ª—å–Ω–æ –≤–æ–ø—Ä–æ—Å–∞ —á–ª–µ–Ω—Å—Ç–≤–∞ –£–∫—Ä–∞–∏–Ω—ã –≤ –∞–ª—å—è–Ω—Å–µ, –∑–∞—è–≤–∏–ª –≤ —Å—Ä–µ–¥—É –≥–µ–Ω—Å–µ–∫ –ù–ê–¢–û –ô–µ–Ω—Å –°—Ç–æ–ª—Ç–µ–Ω–±–µ—Ä–≥, –≤—ã—Å—Ç—É–ø–∞—è –≤ –¶–µ–Ω—Ç—Ä–µ –∑–∞ –Ω–æ–≤—É—é –∞–º–µ—Ä–∏–∫–∞–Ω—Å–∫—É—é –±–µ–∑–æ–ø–∞—Å–Ω–æ—Å—Ç—å.",,,
63,157349,–ü—É—Ç–∏–Ω –ø–æ—Ä—É—á–∏–ª –≥–ª–∞–≤–µ –ú–ß–° –æ—Ä–≥–∞–Ω–∏–∑–æ–≤–∞—Ç—å –ø–æ–º–æ—â—å –ª—é–¥—è–º –≤ –∑–æ–Ω–µ –∑–∞—Ç–æ–ø–ª–µ–Ω–∏—è –•–µ—Ä—Å–æ–Ω—Å–∫–æ–π –æ–±–ª–∞—Å—Ç–∏ –∏ —Ä–∞–±–æ—Ç—É –ª–∏–∫–≤–∏–¥–∞—Ü–∏–∏ –ø–æ—Å–ª–µ–¥—Å—Ç–≤–∏–π –±–µ–¥—Å—Ç–≤–∏—è ‚Äî –ü–µ—Å–∫–æ–≤,2023-06-07 15:38:03,,-1001394050290,–ü—É—Ç–∏–Ω –ø–æ—Ä—É—á–∏–ª –≥–ª–∞–≤–µ –ú–ß–° –æ—Ä–≥–∞–Ω–∏–∑–æ–≤–∞—Ç—å –ø–æ–º–æ—â—å –ª—é–¥—è–º –≤ –∑–æ–Ω–µ –∑–∞—Ç–æ–ø–ª–µ–Ω–∏—è –•–µ—Ä—Å–æ–Ω—Å–∫–æ–π –æ–±–ª–∞—Å—Ç–∏ –∏ —Ä–∞–±–æ—Ç—É –ª–∏–∫–≤–∏–¥–∞—Ü–∏–∏ –ø–æ—Å–ª–µ–¥—Å—Ç–≤–∏–π –±–µ–¥—Å—Ç–≤–∏—è ‚Äî –ü–µ—Å–∫–æ–≤,,,
64,157350,"–†–æ—Å—Å–∏–π—Å–∫–∞—è —á–∞—Å—Ç—å –∞–º–º–∏–∞–∫–æ–ø—Ä–æ–≤–æ–¥–∞ –¢–æ–ª—å—è—Ç—Ç–∏ - –û–¥–µ—Å—Å–∞ –æ—Ç—Å–µ—á–µ–Ω–∞ –æ—Ç —É–∫—Ä–∞–∏–Ω—Å–∫–æ–π, –Ω–∞—Ö–æ–¥–∏—Ç—Å—è –≤ –∏—Å–ø—Ä–∞–≤–Ω–æ–º —Å–æ—Å—Ç–æ—è–Ω–∏–∏ –∏ –±–µ–∑–æ–ø–∞—Å–Ω–æ—Å—Ç–∏ ‚Äî ""–¢—Ä–∞–Ω—Å–∞–º–º–∏–∞–∫""",2023-06-07 15:45:15,,-1001394050290,"–†–æ—Å—Å–∏–π—Å–∫–∞—è —á–∞—Å—Ç—å –∞–º–º–∏–∞–∫–æ–ø—Ä–æ–≤–æ–¥–∞ –¢–æ–ª—å—è—Ç—Ç–∏ - –û–¥–µ—Å—Å–∞ –æ—Ç—Å–µ—á–µ–Ω–∞ –æ—Ç —É–∫—Ä–∞–∏–Ω—Å–∫–æ–π, –Ω–∞—Ö–æ–¥–∏—Ç—Å—è –≤ –∏—Å–ø—Ä–∞–≤–Ω–æ–º —Å–æ—Å—Ç–æ—è–Ω–∏–∏ –∏ –±–µ–∑–æ–ø–∞—Å–Ω–æ—Å—Ç–∏ ‚Äî ""–¢—Ä–∞–Ω—Å–∞–º–º–∏–∞–∫""",,,
65,157351,"‚ö°Ô∏è–ú–í–î –†–æ—Å—Å–∏–∏ –ø–æ–¥–≥–æ—Ç–æ–≤–∏–ª–æ –ø–æ—Ä—è–¥–æ–∫ –æ–≥—Ä–∞–Ω–∏—á–µ–Ω–∏—è –ø—Ä–∞–≤–∞ —É–ø—Ä–∞–≤–ª–µ–Ω–∏—è —Ç—Ä–∞–Ω—Å–ø–æ—Ä—Ç–Ω—ã–º —Å—Ä–µ–¥—Å—Ç–≤–æ–º —Ç–µ–º, –∫—Ç–æ –∏–º–µ–µ—Ç –æ–≥—Ä–∞–Ω–∏—á–µ–Ω–∏—è –≤ –µ–¥–∏–Ω–æ–º —Ä–µ–µ—Å—Ç—Ä–µ –≤–æ–∏–Ω—Å–∫–æ–≥–æ —É—á–µ—Ç–∞ –≤ —Å–≤—è–∑–∏ —Å –Ω–µ—è–≤–∫–æ–π –ø–æ –ø–æ–≤–µ—Å—Ç–∫–µ –≤ –≤–æ–µ–Ω–∫–æ–º–∞—Ç",2023-06-07 15:55:22,,-1001394050290,"‚ö°Ô∏è–ú–í–î –†–æ—Å—Å–∏–∏ –ø–æ–¥–≥–æ—Ç–æ–≤–∏–ª–æ –ø–æ—Ä—è–¥–æ–∫ –æ–≥—Ä–∞–Ω–∏—á–µ–Ω–∏—è –ø—Ä–∞–≤–∞ —É–ø—Ä–∞–≤–ª–µ–Ω–∏—è —Ç—Ä–∞–Ω—Å–ø–æ—Ä—Ç–Ω—ã–º —Å—Ä–µ–¥—Å—Ç–≤–æ–º —Ç–µ–º, –∫—Ç–æ –∏–º–µ–µ—Ç –æ–≥—Ä–∞–Ω–∏—á–µ–Ω–∏—è –≤ –µ–¥–∏–Ω–æ–º —Ä–µ–µ—Å—Ç—Ä–µ –≤–æ–∏–Ω—Å–∫–æ–≥–æ —É—á–µ—Ç–∞ –≤ —Å–≤—è–∑–∏ —Å –Ω–µ—è–≤–∫–æ–π –ø–æ –ø–æ–≤–µ—Å—Ç–∫–µ –≤ –≤–æ–µ–Ω–∫–æ–º–∞—Ç",,,
66,18945,"üì∞ **–ì–ª–∞–≤–Ω—ã–µ –Ω–æ–≤–æ—Å—Ç–∏ —Å—Ä–µ–¥—ã 7 –∏—é–Ω—è: **

üìå –ù–∞ —Å–∫–ª–∞–¥–µ –≤ –ô–æ—à–∫–∞—Ä-–û–ª–µ [–Ω–∞–π–¥–µ–Ω–æ –ø–æ—á—Ç–∏ 47 —Ç—ã—Å—è—á –ª–∏—Ç—Ä–æ–≤](https://potokmedia.ru/news/494668/v-joshkar-ole-nashli-i-izyali-bolee-46-tysyach-litrov-sidra-leto-sidr/) —Å–∏–¥—Ä–∞ –æ–ø–∞—Å–Ω–æ–≥–æ –ø—Ä–æ–∏–∑–≤–æ–¥—Å—Ç–≤–∞.

üìå –í –º–∞–≥–∞–∑–∏–Ω–µ –≤ –ó–≤–µ–Ω–∏–≥–æ–≤–æ [–Ω–∞—à–ª–∏ –≤ –ø—Ä–æ–¥–∞–∂–µ –æ–ø–∞—Å–Ω—ã–π –Ω–∞–ø–∏—Ç–æ–∫](https://potokmedia.ru/news/494770/v-marij-el-vyyavili-40-litrov-opasnogo-pivnogo-napitka-mister-sidr/) ¬´–ú–∏—Å—Ç–µ—Ä —Å–∏–¥—Ä¬ª.

üìå –í –ú–∞—Ä–∏–π –≠–ª –¥–æ 31 –æ–∫—Ç—è–±—Ä—è –∑–∞–∫—Ä—ã–ª–∏ —á–∞—Å—Ç—å —Ç–µ—Ä—Ä–∏—Ç–æ—Ä–∏–∏ [–æ–∑–µ—Ä–∞ –Ø–ª—å—á–∏–∫](https://potokmedia.ru/news/494608/v-marij-el-do-31-oktyabrya-zakryli-chast-territorii-ozera-yalchik/).

üìå –í –ú–∞—Ä–∏–π –≠–ª –Ω–∞ –ø—Ç–∏—Ü–µ—Ñ–∞–±—Ä–∏–∫–µ –≤ –í–æ–ª–∂—Å–∫–æ–º —Ä–∞–π–æ–Ω–µ [–æ–±–Ω–∞—Ä—É–∂–µ–Ω –ø—Ç–∏—á–∏–π –≥—Ä–∏–ø–ø](https://potokmedia.ru/news/494755/v-marij-el-na-pticefabrike-privolzhskaya-obnaruzhena-massovaya-gibel-ptic-iz-za-ptichego-grippa/).

üìå 9 –∏ 10 –∏—é–Ω—è –≤ –ú–∞—Ä–∏–π –≠–ª [–∏–∑–º–µ–Ω—è—Ç —Ä–∞—Å–ø–∏—Å–∞–Ω–∏–µ ](https://potokmedia.ru/news/494809/9-i-10-ijunya-v-marij-el-izmenyat-raspisanie-prigorodnyh-poezdov/)–ø—Ä–∏–≥–æ—Ä–æ–¥–Ω—ã—Ö –ø–æ–µ–∑–¥–æ–≤.

üìå –°–æ—Ü—É—á—Ä–µ–∂–¥–µ–Ω–∏—è –ú–∞—Ä–∏–π –≠–ª –¥–æ–ø–æ–ª–Ω–∏—Ç–µ–ª—å–Ω–æ [–ø–æ–ª—É—á–∞—Ç 39 –º–ª–Ω —Ä—É–±–ª–µ–π](https://potokmedia.ru/news/494870/socuchrezhdeniya-marij-el-dopolnitelno-poluchat-39-mln-rublej/).

üìå –ë–æ–ª–µ–µ 13 —Ç—ã—Å—è—á –¥–µ—Ç–µ–π –ú–∞—Ä–∏–π –≠–ª [–æ—Ç–¥—ã—Ö–∞—é—Ç –≤ –¥–µ—Ç—Å–∫–∏—Ö –ª–∞–≥–µ—Ä—è—Ö](https://potokmedia.ru/news/494883/bolee-13-tysyach-detej-marij-el-otdyhajut-v-detskih-lageryah/).

üìå –í –ô–æ—à–∫–∞—Ä-–û–ª–µ —Ö—É–¥–æ–∂–Ω–∏–∫ –ò–ª—å—è –ë–µ–ª–æ–≤ —Å–æ–∑–¥–∞—Å—Ç –Ω–∞ —Å—Ç–µ–Ω–µ –ª–∏—Ü–µ—è ‚Ññ28 [–Ω–æ–≤–æ–µ –≥—Ä–∞—Ñ—Ñ–∏—Ç–∏](https://potokmedia.ru/news/494800/v-joshkar-ole-hudozhnik-ilya-belov-sozdast-na-stene-liceya-28-novoe-graffiti/).

üìå –ó–∞ –º–∞—è –æ—Ç—Ä—è–¥ ¬´–õ–∏–∑–∞–ê–ª–µ—Ä—Ç¬ª –ú–∞—Ä–∏–π –≠–ª –∑–∞–Ω–∏–º–∞–ª—Å—è [–ø–æ–∏—Å–∫–æ–º 22 –ª—é–¥–µ–π](https://potokmedia.ru/news/494904/za-maya-otryad-lizaalert-marij-el-zanimalsya-poiskom-22-ljudej/).


üìå –í –ú–∞—Ä–∏–π –≠–ª –ø—Ä–æ–π–¥–µ—Ç [¬´–î–µ–Ω—å –ø–∞—Ö–∞—Ä—è ‚Äî 2023](https://potokmedia.ru/news/494980/v-marij-el-projdet-den-paharya-2023/)[¬ª.](https://potokmedia.ru/news/494980/v-marij-el-projdet-den-paharya-2023/)",2023-06-07 16:00:45,,-1001098860759,üì∞ **–ì–ª–∞–≤–Ω—ã–µ –Ω–æ–≤–æ—Å—Ç–∏ —Å—Ä–µ–¥—ã 7 –∏—é–Ω—è: **,,,
67,157352,"–ß–∏—Å–ª–µ–Ω–Ω–æ—Å—Ç—å –Ω–∞—Å–µ–ª–µ–Ω–∏—è –†–§ —Å –¥–µ–Ω–µ–∂–Ω—ã–º–∏ –¥–æ—Ö–æ–¥–∞–º–∏ –Ω–∏–∂–µ –≥—Ä–∞–Ω–∏—Ü—ã –±–µ–¥–Ω–æ—Å—Ç–∏ –≤ –ø–µ—Ä–≤–æ–º –∫–≤–∞—Ä—Ç–∞–ª–µ 2023 –≥–æ–¥–∞ —Å–æ—Å—Ç–∞–≤–∏–ª–∞ 19,6 –º–∏–ª–ª–∏–æ–Ω–∞ —á–µ–ª–æ–≤–µ–∫, –∏–ª–∏ 13,5%, —Å–ª–µ–¥—É–µ—Ç –∏–∑ –ø—Ä–µ–¥–≤–∞—Ä–∏—Ç–µ–ª—å–Ω—ã—Ö –¥–∞–Ω–Ω—ã—Ö –†–æ—Å—Å—Ç–∞—Ç–∞.",2023-06-07 16:02:53,,-1001394050290,"–ß–∏—Å–ª–µ–Ω–Ω–æ—Å—Ç—å –Ω–∞—Å–µ–ª–µ–Ω–∏—è –†–§ —Å –¥–µ–Ω–µ–∂–Ω—ã–º–∏ –¥–æ—Ö–æ–¥–∞–º–∏ –Ω–∏–∂–µ –≥—Ä–∞–Ω–∏—Ü—ã –±–µ–¥–Ω–æ—Å—Ç–∏ –≤ –ø–µ—Ä–≤–æ–º –∫–≤–∞—Ä—Ç–∞–ª–µ 2023 –≥–æ–¥–∞ —Å–æ—Å—Ç–∞–≤–∏–ª–∞ 19,6 –º–∏–ª–ª–∏–æ–Ω–∞ —á–µ–ª–æ–≤–µ–∫, –∏–ª–∏ 13,5%, —Å–ª–µ–¥—É–µ—Ç –∏–∑ –ø—Ä–µ–¥–≤–∞—Ä–∏—Ç–µ–ª—å–Ω—ã—Ö –¥–∞–Ω–Ω—ã—Ö –†–æ—Å—Å—Ç–∞—Ç–∞.",,,
68,157353,"–ò—Å–ø–æ–ª–∫–æ–º –ú–µ–∂–¥—É–Ω–∞—Ä–æ–¥–Ω–æ–≥–æ –æ–ª–∏–º–ø–∏–π—Å–∫–æ–≥–æ –∫–æ–º–∏—Ç–µ—Ç–∞ —Ä–µ–∫–æ–º–µ–Ω–¥–æ–≤–∞–ª —Å–µ—Å—Å–∏–∏ –æ—Ä–≥–∞–Ω–∏–∑–∞—Ü–∏–∏ –æ—Ç–æ–∑–≤–∞—Ç—å –ø—Ä–∏–∑–Ω–∞–Ω–∏–µ –ú–µ–∂–¥—É–Ω–∞—Ä–æ–¥–Ω–æ–π –±–æ–∫—Å–µ—Ä—Å–∫–æ–π –∞—Å—Å–æ—Ü–∏–∞—Ü–∏–∏.

–ü—Ä–∏ —ç—Ç–æ–º –ú–û–ö –≤—ã—Å—Ç—É–ø–∞–µ—Ç –∑–∞ —Å–æ—Ö—Ä–∞–Ω–µ–Ω–∏–µ –±–æ–∫—Å–∞ –≤ –ø—Ä–æ–≥—Ä–∞–º–º–µ –û–ª–∏–º–ø–∏–π—Å–∫–∏—Ö –∏–≥—Ä 2024 –≥–æ–¥–∞.",2023-06-07 16:10:06,,-1001394050290,–ò—Å–ø–æ–ª–∫–æ–º –ú–µ–∂–¥—É–Ω–∞—Ä–æ–¥–Ω–æ–≥–æ –æ–ª–∏–º–ø–∏–π—Å–∫–æ–≥–æ –∫–æ–º–∏—Ç–µ—Ç–∞ —Ä–µ–∫–æ–º–µ–Ω–¥–æ–≤–∞–ª —Å–µ—Å—Å–∏–∏ –æ—Ä–≥–∞–Ω–∏–∑–∞—Ü–∏–∏ –æ—Ç–æ–∑–≤–∞—Ç—å –ø—Ä–∏–∑–Ω–∞–Ω–∏–µ –ú–µ–∂–¥—É–Ω–∞—Ä–æ–¥–Ω–æ–π –±–æ–∫—Å–µ—Ä—Å–∫–æ–π –∞—Å—Å–æ—Ü–∏–∞—Ü–∏–∏,,,
69,157354,"**‚ùóÔ∏è–ò–Ω—Ñ–æ—Ä–º–∞—Ü–∏—è –æ–± –æ–±–Ω–∞—Ä—É–∂–µ–Ω–∏–∏ –≤ –∏—Å—Ç–æ—á–Ω–∏–∫–∞—Ö –ø–∏—Ç—å–µ–≤–æ–π –≤–æ–¥—ã –≤ –†–æ—Å—Å–∏–∏ –≤–æ–∑–±—É–¥–∏—Ç–µ–ª—è —Ö–æ–ª–µ—Ä—ã, —Ä–∞—Å–ø—Ä–æ—Å—Ç—Ä–∞–Ω—è–µ–º–∞—è –≤ –º–µ—Å—Å–µ–Ω–¥–∂–µ—Ä–∞—Ö –∏ —Å–æ—Ü–∏–∞–ª—å–Ω—ã—Ö —Å–µ—Ç—è—Ö, –Ω–µ —Å–æ–æ—Ç–≤–µ—Ç—Å—Ç–≤—É–µ—Ç –¥–µ–π—Å—Ç–≤–∏—Ç–µ–ª—å–Ω–æ—Å—Ç–∏, –æ–± —ç—Ç–æ–º –¢–ê–°–° –∑–∞—è–≤–∏–ª–∏ –≤ –ø—Ä–µ—Å—Å-—Å–ª—É–∂–±–µ –†–æ—Å–ø–æ—Ç—Ä–µ–±–Ω–∞–¥–∑–æ—Ä–∞. **

""–í–∏–¥–∏–º, —á—Ç–æ –≤ –º–µ—Å—Å–µ–Ω–¥–∂–µ—Ä–∞—Ö –∏ —Å–æ—Ü–∏–∞–ª—å–Ω—ã—Ö —Å–µ—Ç—è—Ö —Å–Ω–æ–≤–∞ —Ä–∞—Å–ø—Ä–æ—Å—Ç—Ä–∞–Ω—è–µ—Ç—Å—è —Å–æ–æ–±—â–µ–Ω–∏–µ –æ –ø–æ—è–≤–ª–µ–Ω–∏–∏ –≤ –≤–æ–¥–µ –≤–æ–∑–±—É–¥–∏—Ç–µ–ª–µ–π —Ö–æ–ª–µ—Ä—ã. –≠—Ç–æ —Å–æ–æ–±—â–µ–Ω–∏–µ - —Ñ–µ–π–∫ –≥–æ–¥–∏—á–Ω–æ–π –¥–∞–≤–Ω–æ—Å—Ç–∏. –ò–Ω—Ñ–æ—Ä–º–∞—Ü–∏—è –æ–± –æ–±–Ω–∞—Ä—É–∂–µ–Ω–∏–∏ –≤ –∏—Å—Ç–æ—á–Ω–∏–∫–∞—Ö –ø–∏—Ç—å–µ–≤–æ–π –≤–æ–¥—ã —Ö–æ–ª–µ—Ä–Ω—ã—Ö –≤–∏–±—Ä–∏–æ–Ω–æ–≤ –Ω–µ —Å–æ–æ—Ç–≤–µ—Ç—Å—Ç–≤—É–µ—Ç –¥–µ–π—Å—Ç–≤–∏—Ç–µ–ª—å–Ω–æ—Å—Ç–∏"", - –ø–æ—è—Å–Ω–∏–ª–∏ –∞–≥–µ–Ω—Ç—Å—Ç–≤—É –≤ –ø—Ä–µ—Å—Å-—Å–ª—É–∂–±–µ –≤–µ–¥–æ–º—Å—Ç–≤–∞.",2023-06-07 16:15:06,,-1001394050290,"**‚ùóÔ∏è–ò–Ω—Ñ–æ—Ä–º–∞—Ü–∏—è –æ–± –æ–±–Ω–∞—Ä—É–∂–µ–Ω–∏–∏ –≤ –∏—Å—Ç–æ—á–Ω–∏–∫–∞—Ö –ø–∏—Ç—å–µ–≤–æ–π –≤–æ–¥—ã –≤ –†–æ—Å—Å–∏–∏ –≤–æ–∑–±—É–¥–∏—Ç–µ–ª—è —Ö–æ–ª–µ—Ä—ã, —Ä–∞—Å–ø—Ä–æ—Å—Ç—Ä–∞–Ω—è–µ–º–∞—è –≤ –º–µ—Å—Å–µ–Ω–¥–∂–µ—Ä–∞—Ö –∏ —Å–æ—Ü–∏–∞–ª—å–Ω—ã—Ö —Å–µ—Ç—è—Ö, –Ω–µ —Å–æ–æ—Ç–≤–µ—Ç—Å—Ç–≤—É–µ—Ç –¥–µ–π—Å—Ç–≤–∏—Ç–µ–ª—å–Ω–æ—Å—Ç–∏, –æ–± —ç—Ç–æ–º –¢–ê–°–° –∑–∞—è–≤–∏–ª–∏ –≤ –ø—Ä–µ—Å—Å-—Å–ª—É–∂–±–µ –†–æ—Å–ø–æ—Ç—Ä–µ–±–Ω–∞–¥–∑–æ—Ä–∞",,,
