text,channel_id,category
"–£–∫—Ä–∞–∏–Ω–∞ –ø–æ–ª—É—á–∏–ª–∞ –æ—Ç –°–®–ê 3D-–ø—Ä–∏–Ω—Ç–µ—Ä—ã –¥–ª—è –ø–µ—á–∞—Ç–∏ –¥–µ—Ç–∞–ª–µ–π –∫ –≤–æ–µ–Ω–Ω–æ–π —Ç–µ—Ö–Ω–∏–∫–µ

–û–± —ç—Ç–æ–º —Å–æ–æ–±—â–∏–ª –ø–æ–º–æ—â–Ω–∏–∫ –º–∏–Ω–∏—Å—Ç—Ä–∞ –æ–±–æ—Ä–æ–Ω—ã –°–®–ê –ø–æ –≤–æ–ø—Ä–æ—Å–∞–º –∑–∞–∫—É–ø–æ–∫ –£–∏–ª—å—è–º –õ–∞–ü–ª–∞–Ω—Ç. –£–∫—Ä–∞–∏–Ω—Å–∫–∏–µ –≤–æ–µ–Ω–Ω—ã–µ —É–∂–µ –∑–∞–≤–µ—Ä—à–∏–ª–∏ –æ–±—É—á–µ–Ω–∏–µ –ø–æ–ª—å–∑–æ–≤–∞–Ω–∏—é —É—Å—Ç—Ä–æ–π—Å—Ç–≤–∞–º–∏.

üöÄ –ü–æ–¥–ø–∏—Å–∞—Ç—å—Å—è / Eng Twitter / YouTube / Eng –¢elegram",1722167948,–ü–æ–ª–∏—Ç–∏–∫–∞
"üëÄ –ù–æ–≤–∞—è –∫–ª—é—á–µ–≤–∞—è —Å—Ç–∞–≤–∫–∞ –≤ 13% –Ω–µ –∑–∞—Ç—Ä–æ–Ω–µ—Ç —Å–æ—Ç—Ä—É–¥–Ω–∏–∫–æ–≤ I–¢-–∫–æ–º–ø–∞–Ω–∏–π –∏ –Ω–µ –ø–æ–≤–ª–∏—è–µ—Ç –Ω–∞ –∏—Ö –ª—å–≥–æ—Ç–Ω—É—é –∏–ø–æ—Ç–µ–∫—É, —Ä–∞—Å—Å–∫–∞–∑–∞–ª–∏ –≤ –ú–∏–Ω—Ü–∏—Ñ—Ä–µ.

–û–ø—è—Ç—å –∞–π—Ç–∏—à–Ω–∏–∫–∏ –≤ —à–æ–∫–æ–ª–∞–¥–µ

üëâ –ü–æ–¥–ø–∏—à–∏—Å—å –Ω–∞ –õ–µ–Ω—Ç—É –¥–Ω—è",1115468824,–≠–∫–æ–Ω–æ–º–∏–∫–∞
"–í TikTok –Ω–∞–±—Ä–∞–ª–æ –ø–æ–ø—É–ª—è—Ä–Ω–æ—Å—Ç—å –º–∏–ª–æ–µ –≤–∏–¥–µ–æ, –≥–¥–µ –Ω–µ–∑—Ä—è—á–∞—è –¥–µ–≤–æ—á–∫–∞ –∏–¥–µ–∞–ª—å–Ω–æ –ø–æ–ø–∞–¥–∞–µ—Ç –≤ —Ä–∏—Ç–º –ø–µ—Å–Ω–∏ –∏–∑ ¬´–ú–æ–∞–Ω—ã¬ª.

–í–∏–¥–µ–æ –ø–æ–ø–∞–ª–æ—Å—å –∞–º–µ—Ä–∏–∫–∞–Ω—Å–∫–æ–π —é—Ç—É–±–µ—Ä—à–µ ¬´–ú–∏—Å—Å –†—ç–π—á–µ–ª¬ª, –∫–æ—Ç–æ—Ä–∞—è —Å–Ω–∏–º–∞–µ—Ç –æ–±—Ä–∞–∑–æ–≤–∞—Ç–µ–ª—å–Ω—ã–π –∫–æ–Ω—Ç–µ–Ω—Ç –¥–ª—è –¥–µ—Ç–µ–π. –û–Ω–∞ —Ä–µ—à–∏–ª–∞ –ø–æ–¥–¥–µ—Ä–∂–∞—Ç—å —É–≤–ª–µ—á–µ–Ω–∏–µ –º–∞–ª–µ–Ω—å–∫–æ–π –ê–ª–∞–π–Ω—ã –∏ –∑–∞–¥–æ–Ω–∞—Ç–∏–ª–∞ $2000, —á—Ç–æ–±—ã —Ä–æ–¥–∏—Ç–µ–ª–∏ –∫—É–ø–∏–ª–∏ –µ–π –±–∞—Ä–∞–±–∞–Ω–Ω—É—é —É—Å—Ç–∞–Ω–æ–≤–∫—É –∏ –æ–ø–ª–∞—Ç–∏–ª–∏ —É—Ä–æ–∫–∏",1096963058,–†–∞–∑–≤–ª–µ—á–µ–Ω–∏—è –∏ —é–º–æ—Ä